unidade_gestoraId:ID(Unidade_gestora),id_origem,desc,:LABEL
3cdd8807b260162613dc8b46a77fa2c3d5aec378c0bcc692940d50da79a25680,200340,ACADEMIA NACIONAL DE POLICIA,Unidade_gestora
2f96302857605a8335392d62e3c9f16e74f3a89a7d5cd08d75f778131c7c96f5,153028,UNIVERSIDADE FEDERAL DE ALFENAS,Unidade_gestora
cea91d94db5a27f20c4cacd39a084f059f0138b7afed2454a5250b3b0b4e6d81,323017,SUPERINTENDÊNCIA DO DNPM-PB,Unidade_gestora
f7bc24a501bb6fdce6f40fe702d9b809e31932aad480f5cc9078579028a6c0e0,170109,DELEGACIA DA RFB EM CAMPO GRANDE,Unidade_gestora
3dbf3a5806ccc50e8d83635bc38cc68073d89b009ba750dbbee11fd8fc6398aa,160136,9º GRUPAMENTO LOGÍSTICO,Unidade_gestora
baa85e4d043d39e46331eb9cd61e0ddb398e7eeaff304e40a9a977a54a4ce38e,170279,CORREGEDORIA-GERAL DA RFB,Unidade_gestora
7771cb7156db4ac5853391078e14eac675ce241f9642e054d3a68b0738798a3f,403201,FUNDACAO NACIONAL DE ARTES,Unidade_gestora
1fea69f2551a902a1d5161f74bb35f47275c4b4e8520034b7642853e2c6146ca,200380,SUPERINTENDÊNCIA REGIONAL NO ESTADO DO AC,Unidade_gestora
e720429d97c9b49bcca35fe96514f9c3d0ad9cdde0753abdef6593b1d3dc2181,153107,CENTRO DE CIENCIAS DA SAUDE DA UFRN,Unidade_gestora
7e21feb578505c60a840e9e10a8cd2aa2f1f939788f20b9ad468a2becc993558,114615,UNIDADE ESTADUAL DO IBGE EM ALAGOAS,Unidade_gestora
65a4ca8cfae0ee37e95f021524d76f104be4df4d853ba5a9f68ea9491216b0ba,200394,SUPERINTENDENCIA REGIONAL NO ESTADO DO RN,Unidade_gestora
e1a98422e76ae79b317dbd425975150bcb69a52fdfb078c466661ce7acf8ad85,303001,CONSELHO ADMINISTRATIVO DE DEFESA ECONOMICA,Unidade_gestora
2170727b97f20b02b28e55009eca64d7eb1689d965c4a2183375b0446021fb6e,133088,SUPERINT. REG. DO DISTRITO FEDERAL E ENTORNO,Unidade_gestora
ec45441fd38bb31afa3df667b96e9ee6bcae1ca06fb1e093ec59a3b5f177340a,160368,3 BATALHAO DE SUPRIMENTO,Unidade_gestora
4e5cea22cd506cfa6ef6014f8529d80fcf77959b90ba6f1cad32b6497935edc1,255015,FUNDACAO NACIONAL DE SAUDE - PB,Unidade_gestora
8f36215a553aedd67c30bcb6236e34d7644ad7a0565a75fcf1855ed07a42f4d7,373053,SUPERINTEND.ESTADUAL DA BAHIA-INCRA/SR-05,Unidade_gestora
9e1f77f8589ac2f40aa74f413ea2349462173d60876a2d8fc8a7fd2368198af3,158265,INST.FED.DO RS/CAMPUS CANOAS,Unidade_gestora
ca883a4bf62997e7a939fcd8c233338cd08a82dd83df735dc4fc0c2bd9d9a154,200402,SUPERINTENDENCIA REGIONAL NO ESTADO DO AP,Unidade_gestora
3ce5b758134c7f9e6f115a9e000223133e193891156c9bd22b43e7092a8d39da,160410,4 BATALHAO LOGISTICO,Unidade_gestora
2335babd2beabbb92b1dfabfc0a475796bdc61ea9cf93fe411c23753fb3ec3d5,160167,53 BATALHAO DE INFANTARIA DE SELVA,Unidade_gestora
b2209ebb9250db1c179c58b7f3762371a07528039519b3f8c5fc30bb12c113fd,114614,UNIDADE ESTADUAL DO IBGE EM PERNAMBUCO,Unidade_gestora
0da8852e56d50c7ef92d3e9a20d51a652c6ad8c3dcc54adf63aced2629b28987,135020,EMBRAPA/CTAA,Unidade_gestora
5d5d98c8dc59ab2368ee5ea605d6b82790b1b6dacac11fbfc752013460300a14,113202,COMISSAO NACIONAL DE ENERGIA NUCLEAR-IPEN,Unidade_gestora
a9e7b4947705927cc375a5deac87ed823d98886c8c357ab16af9e3611801ee85,323006,SUPERINTENDÊNCIA DO DNPM-PE,Unidade_gestora
b64218d6b96b512e6de6faaaaf5f96365d8fd8234205a67d9f6c7733f4db700d,153035,UNIVERSIDADE FEDERAL DO TRIANGULO MINEIRO,Unidade_gestora
d69e3e578fdc7182dd8555cb07e44c066063970a5f2816c8019e9512b1bad00d,155013,EBSERH HUOL-UFRN,Unidade_gestora
bc78471c2a4d94d83a561f84f912fb1e038d8f7972a0b07cc512f49ae403f0b1,323021,SUPERINTENDÊNCIA DO DNPM-RO,Unidade_gestora
61a276626d2281f0a10ac2f4ca67dc7c7539842d7d87ea581fcbaf20d739b92f,130091,DISTRITO DE METEOROLOGIA DE MANAUS,Unidade_gestora
fb53cae724e0104b54aa07904b72760c903cce0f9fa393cf253e2e4c41cb151b,170069,SUPERINTENDêNCIA DE ADMINISTRAçãO DO MF/SE,Unidade_gestora
4d1fedeb41d75de5167ae8f21db47496e7d428e7ddb872d074ce065a02848f9a,280101,COORDENACAO-GERAL DE RECURSOS LOGISTICOS,Unidade_gestora
18db60926e374043d10b9deada55ac8774d4e7265ca2ebfc1bb86c973f2407d6,413009,AGENCIA NACIONAL DE TELECOMUNICACOES-BA,Unidade_gestora
2651379ca40f14c9534bc9efda43afc82332557855c0d8274d6dd210c3f91393,158275,INST.FED.MINAS GERAIS/CAMPUS BAMBUÍ,Unidade_gestora
474980035e23633f7036e6bc1bc22f220e743934560d9fbf297ab90f10c82494,170337,DELEGACIA DA RFB EM FLORIANO,Unidade_gestora
ba6e3777d11419af1dc33837b6753018f603ba1a7a17412ea6f600a7c90260a3,160367,3 BATALHAO DE ENGENHARIA DE COMBATE,Unidade_gestora
a6fb3c96ebf7453ebac32ac4df6b3cd3a43a7965182bbefb65985fefa9530373,393023,SUPERINTENDENCIA REG. NO ESTADO TO - DNIT,Unidade_gestora
5ca1f7a9978b401d1fc4380325c83fa95dc32017233e2e1aecc0f061014071de,423002,IBRAM - SEDE,Unidade_gestora
8e28c93277542cd98bb9854e26a54e1320b4e21bf42cc484be7740f4cee9597f,170007,COORD.-GERAL DE DESENVOL.INSTITUCIONAL-CODIN/,Unidade_gestora
c6584cf5c6e19517d523fd985529177a7e79bd7551e0f0231f5f40273c78d863,170330,DELEGACIA DA RFB EM SOBRAL,Unidade_gestora
db65b634f13d1de5426a9d5e8906003210a3faf2c8d229c326901174f27a96e2,158658,UNIV. FEDERAL DA INTEGRAÇÃO LATINO-AMERICANA,Unidade_gestora
b3897de7bdb05a37484c1b217391c2e3de149543405b56ca9cc39b5ed2d7ca54,323024,SUPERINTENDÊNCIA DO DNPM-MA,Unidade_gestora
aca40bf1a69303b57b2860da6a39571d0dacebdcea4e8f4e2aa160390667e5ba,114605,UNIDADE ESTADUAL DO IBGE EM RORAIMA,Unidade_gestora
6301315eaadb3de2cac54b6d7b6b5b7bde12574518a2430769962b42f7029f60,114610,UNIDADE ESTADUAL DO IBGE NO CEARA,Unidade_gestora
2f6579cbafaa4dfcdc22db9467b35a3c6a85b305d7c18a3d5dcb1fa90501c8e9,173057,BANCO CENTRAL DO BRASIL,Unidade_gestora
28d240674e4e48ca65a8a882237b8f84e108540b660d60d883eda27ca5568a63,160208,33 BATALHAO DE INFANTARIA MECANIZADO,Unidade_gestora
67ff2b49d78f0b475b501d9a260f3f1b1d0c79a234dd4676bc7b9c1acdc88837,155023,HOSPITAL UNIVERSITÁRIO LAURO WANDERLEY-EBSERH,Unidade_gestora
155fd6f6cf5a24cf047481e59439e8e70c684d7a57c0188b18a54e6ce0f20905,170150,ALFANDEGA DA RFB AEROP.INTERNAC.DE GUARULHOS,Unidade_gestora
bfa3bffd10b0fdf687700d53405aa846e8de878e06c4cd6bf9541e9551c67f61,200386,SUPERINTENDENCIA REGIONAL NO ESTADO DO PA,Unidade_gestora
1e861b584c50cb685b13bab6661946d69c0a666113dbe9a414dbb3c7c51316c5,240126,OBSERVATORIO NACIONAL,Unidade_gestora
65412d30e49cbfa0b48689e871d6a180868cd116f575391b43826e15d298f593,152496,INST.FED.DO PARÁ/CAMPUS PARAUAPEBAS,Unidade_gestora
2652d6e46de4fddd78f98d41ec17d01f73894e6afe9ef1758b51c00a4a5ecd24,240128,LABORATORIO NACIONAL DE ASTROFISICA,Unidade_gestora
329129586cbed29584d5ed57a29a4d4d8ed9ff384f7e6b71f90b99ec788dc38b,200247,ARQUIVO NACIONAL - RJ,Unidade_gestora
443169bba2fb6e5e1f66e36acbd04263a39bfeda7b6bd2404d816f2c66cb5a5b,114619,UNIDADE ESTADUAL DO IBGE NO ESPIRITO SANTO,Unidade_gestora
243a657bc38a54c71f6fe3325aaa91935d45c3d5273ccde7fd06b31a3da16c59,250039,NUCLEO ESTADUAL DO MS/TO,Unidade_gestora
77e5789c6b5938474b12686f0e113ea273f39178185cad8aa4b610a6c56d605b,370003,COORD-GERAL LICITACAO CONT.E DOCUMENTACAO,Unidade_gestora
93dc1578b53c8facb5780f42fa20511e3bed06626dc6976a75fea32f36dbeadf,380945,SUPERINTENDÊNCIA REGIONAL DO TRABALHO/PB,Unidade_gestora
6f92175e68d924ed48333b0abb168b270ed80f2ef8a074b5b55cb5a273f85f96,393092,UNIDADE REGIONAL DO RIO GRANDE DO SUL - ANTT,Unidade_gestora
b5e744a09d54493a3a47c0334337ab8a798d7ba74af2b1efadd6fb24156210b8,253002,AGENCIA NACIONAL DE VIGILANCIA SANITARIA,Unidade_gestora
5ad3146dc4c4e1f05d0a27bae982364c2d3bdbb299f6e336583fe8c3b4a381cd,275057,CIA.BRASILEIRA DE TRENS URBANOS-STU/REC,Unidade_gestora
dbce82c0c0b9b1d6e5e573f5d5bb0a53e87d12439fc149bbcfcc3092aba2159e,183039,SUPERINTENDENCIA DO INMETRO NO ESTADO DO RS,Unidade_gestora
4889927c23ac7319bdffd715dc5f85561e4d99676ac04f692ce9428f0a3cb28b,160055,16 BATALHAO LOGISTICO,Unidade_gestora
2efc50f03c22ee500c9bc3993790a022e8688f719c342bbe8f4ddaecf34a5396,393091,UNIDADE REGIONAL DO MARANHÃO - ANTT,Unidade_gestora
04eff6323e0bd1b4e5a6f44f97bcf5196d7453839df7bbfcf1cd73ca8959060d,135285,CONAB SEDE SUREG PERNAMBUCO,Unidade_gestora
acae164faae4dd47746b3a7682692e85645966264bd38c679bd1066d0cb45380,135025,EMBRAPA/CNPMA,Unidade_gestora
a115dc40ba1c0f810a24e8146baf796a46fedfe341e9b4fd59ef680f6350c5ac,420009,COORD.GERAL DE LICIT. CONTRAT. E REC. LOGIST,Unidade_gestora
821107331a21bd206dd1b2b1a21122df6601fb5555166b13780064dd809132d2,173044,BANCO CENTRAL DO BRASIL - BELO HORIZONTE,Unidade_gestora
f75e78e19013fe5f82f62e582b4eea84393267b6f559088fe2da4e159c4f05a8,393047,UNIDADE REGIONAL DE SAO PAULO-ANTT,Unidade_gestora
ebd2175591b965a1a328c3646f86bcd660aa604092a0cf5e3496479490099573,114617,UNIDADE ESTADUAL DO IBGE NA BAHIA,Unidade_gestora
e5407ceb709619ca30a2a9bc8489bee5f6e93b5f4588fc043140fa7e2771b03c,158972,INST.FED.MATO GROSSO/CAMPUS ALTA FLORESTA,Unidade_gestora
071d82c49763825c25a6b654e565fa602f399482b89b8745fc25912ceee90144,167204,25 BATALHAO DE CACADORES,Unidade_gestora
96243b6eb5998aada19d84a390c8b70292a7b3eb31afe2041e380af7c9310a77,158494,INST.FED.MATO GROSSO/CAMPUS BELA VISTA,Unidade_gestora
22712a3891309c14c30d8751bcadbeba468cb57c77abae02f6734b42ae0f73a6,170075,SUPERINTENDêNCIA DE ADMINISTRAçãO DO MF/BA,Unidade_gestora
9d57fc66124f7313283faa36b2e4d98890736eb3f0944f3a751fcd6ebda793db,110099,SUPERINTENDENCIA ADMINISTRACAO EM SAO PAULO,Unidade_gestora
e6f199c0b0b423e8b59f13f530e7b120304d67593f244275709712f9dc81839f,250035,NUCLEO ESTADUAL DO MS/RR,Unidade_gestora
3dc0f044f87f8f83500bdbcf3361d057a7f06b089450f28f13475cf71709e36b,158147,INST.FED.DE EDUC.CIENC.E TEC.DE ALAGOAS,Unidade_gestora
c40504703dbe73e520db4ef9ddeb26799d61729de8ab38b3691daf5464195bb4,158411,INST. FED. DA BAHIA/CAMPUS SALVADOR,Unidade_gestora
e4cbc60a194493eda0cb1f56d72bc8a0e23d9be558e8f1b114a445c28a55b877,158435,INST.FED.BAIANO/CAMPUS SENHOR DO BONFIM,Unidade_gestora
d6dbe915bf37d5ffd79abc729cce49fd5f1d692804ebc5412139f07e5561ca89,154070,HOSPITAL UNIVERSITARIO JULIO MULLER DA FUFMT,Unidade_gestora
66ea3b7daeced210dc8e969f08c8dbe729ef12166bb903562b984b186615092b,320004,COORDENACAO GERAL DE RECURSOS LOGISTICOS-CGRL,Unidade_gestora
d2e953431cce9f107f4c972ef3c26dccddeb2fdbd335c2e8e256c580e64af5a4,135078,EMBRAPA/SPM - ESCRITORIO DE IMPERATRIZ,Unidade_gestora
01de8ef303a5b5982205d73f09cadcd117cf9a5c41d27c10381d4bebe1d122fb,160202,3 BATALHAO DE ENGENHARIA DE CONSTRUCAO,Unidade_gestora
f7a7eae117d48584473f1d0f0702055b5a822f8d0415d7bdd63313786b219b03,510630,GERÊNCIA EXECUTIVA PALMAS,Unidade_gestora
95a3f97a95800cca53f67265c9962ad08bceb74f113fc8661efa1f19b610e884,170159,DELEGACIA DA RFB EM LONDRINA,Unidade_gestora
7dea83963cdacd21700aa038952ab8677200810c40c6549b5f10730d86379bc2,373079,UNIDADE FUNDIARIA DE GURUPI,Unidade_gestora
2d51f92cb76a85e0cafe91ef7e41450f12162bcf0b51dc224c789f41a47e3e9b,255006,FUNDACAO NACIONAL DE SAUDE - CE,Unidade_gestora
6788c7f44ac369c74b1aa715a546f0a432b03091b60bb3f9574f72e982719325,373048,SUPERINT.REGIONAL DE PERNAMBUCO-INCRA/SR-03,Unidade_gestora
bb2f5158a60b488ee2e92ccf5b864bfd22c5cfc1fbd1398506baf89229436b51,130020,SECRETARIA DE RELACOES INTERN.DO AGRONEGOCIO,Unidade_gestora
ac4a65d98532e155cd98c42ca91ec9d28d7f06f6cfb1a716d15ea24fc397a579,373037,SUPERINTENDENCIA REGIONAL DE SANTAREM - SR-30,Unidade_gestora
0ddde0189602150f0d2eaf98b74bb2647ebe908065fcfff5034dbfca41c7867f,158416,INST.FED. ESPIRITO SANTO/CAMPUS VITORIA,Unidade_gestora
f00228acfffac5ddc23a0a921b7dcc0b76114c484b854a02a566558e458ea1a2,167392,CMDO DA 3 REGIAO MILITAR,Unidade_gestora
597b40614aaca26e8620c307a05adce90a2a3fdfadae9e67b3ca1ec5de0fa33a,510001,COORD.GERAL DE ORÇAMENTO FINANÇAS E CONTAB.,Unidade_gestora
5539cd8c6863c1f403158d0b1c73a2b6d7c223513c89efc1b927e0d76de41c74,154421,FUND. UNIVERSIDADE FEDERAL VALE SAO FRANCISCO,Unidade_gestora
dd6a8ce24a46b413b197245239b0c8e46f46a8e2eb1f8c9a072bd4b2f1439c55,510909,GERÊNCIA EXECUTIVA NOVO HAMBURGO,Unidade_gestora
abc9d3adfc9f219791a0b3b8ebf28b1bcd272bc69e547e1903d1691dde277acb,114618,UNIDADE ESTADUAL DO IBGE EM MINAS GERAIS,Unidade_gestora
c58b21aebe6f28a4e966879881194404d496495b373c114a7b494003fb450316,167219,COMANDO 5 REGIAO MILITAR/5 DIVISAO  EXERCITO,Unidade_gestora
2150173fffad3dfc21829206a0ecc7bd05565ff2ad0826c0c044e51f640ef266,114624,UNIDADE ESTADUAL DO IBGE EM SANTA CATARINA,Unidade_gestora
8e60d3d0f06f13b2fa1cb0003a29edc0473607e80632072fd974f6f4b76110f7,390078,ADM.DAS HIDROVIAS DO TOCANTINS E ARAGUAIA,Unidade_gestora
775af9825c0c24f15604f4b5f8135d750a4069257ccf9d2efe0fe2c589fe221d,160038,6º DEPÓSITO DE SUPRIMENTO,Unidade_gestora
944d22d49311237ab4e06aba9ddab68985e2ae9ef0c0f592105c0dc1433a205f,168005,INDUSTRIA DE MATERIAL BÉLICO DO BRASIL/FI,Unidade_gestora
46ed27eeaa2a30bab0e4a57fe9ac81455569e062d086304fbf77fd7c54293943,130075,DISTRITO DE METEOROLOGIA DE PORTO ALEGRE,Unidade_gestora
dbaf701d64a3b105eceaf18946ca43cbdf87d60f09a2bb5a0c2075cd31ee752f,250021,NUCLEO ESTADUAL DO MS/GO,Unidade_gestora
b6be5426e55d6047bc62d0cf23d0393bac9e4d7d000ef4cdc763d1f934bf7523,120640,GRUPAMENTO DE APOIO DE FORTALEZA,Unidade_gestora
f671707071e2ee1b52c93000b5fda777b23ca2fd6f66367c0ac41ce0b40f8b09,158971,INST.FED.MATO GROSSO/CAMPUS VARZEA GRANDE,Unidade_gestora
cd53516f81a41cdf4cff3f7a823986e9d46dc39bde221cae24f75d92a80efca1,390004,COORDENACAO GERAL E RECURSOS LOGISTICOS,Unidade_gestora
afeeb63ee499c4159ea4de12ea86d94ad05b13bfff01e58f9104f581f5cfa344,114601,FUNDACAO IBGE-ADMINISTRACAO CENTRAL/RJ,Unidade_gestora
b234f06613c7dbc0e7dd9f994a552df3b9c1ec1f4cbb20d5fb5e5a0d592509a1,170047,DELEGACIA DA RFB EM NATAL,Unidade_gestora
e7c1c65b30239b0371dc790cfb1ee26c7ef7097df6e31bb02dbb317fe386a654,130100,SUPERINT.FED.DE AGRIC.PEC.E ABASTECIMENTO/AP,Unidade_gestora
ca250299820a4240af0389f53ee4147d36ccfb815b649cd33222f9539f42a3b9,393029,SUPERINTENDENCIA REG. NO ESTADO PE - DNIT,Unidade_gestora
e0e68419118e56b74923cf6fb8c3935c97158dc6bd819078f27efd72dfe29395,170019,DELEGACIA DA RFB EM BRASILIA,Unidade_gestora
2f80012fc3a08cda07de5e448e52fe4888ea7276615a31d220c337a670a21e7b,130011,INSTITUTO NACIONAL DE METEOROLOGIA,Unidade_gestora
375ea4f900b7cf01cab073eb715b48adff788b6b2cb6f1e6b458573e81669e5d,130063,SUPERINT.FED.DE AGRIC.PEC.E ABASTECIMENTO/RJ,Unidade_gestora
c61aab96606dbcac836192015ef5397ac4aa8c2ad05b61251dcea64f789ee679,130088,SUPERINT.FED.DE AGRIC.PEC.E ABASTECIMENTO/AC,Unidade_gestora
230d9cc9b53fe43961eec8859677fa77136eca6d3344f95567fc3c4e12da5cb9,158291,INST.FED.DO MARANHAO/CAMPUS S.JOAO DOS PATOS,Unidade_gestora
9cc4286ce10b92020a25bcc48e0f6f3a2ab150442acfdc1a938b06c87f70b01a,240120,CENTRO BRASILEIRO DE PESQUISAS FISICAS,Unidade_gestora
a306a4fc900d04e9cd1f94449f28c23ff0454a0645cef036b47116342c186e9e,380951,SUPERINTENDÊNCIA REGIONAL DO TRABALHO/SC,Unidade_gestora
77e7acb0c3d15e0288661106f1263ea40e164425747610a0e9dd10412679a61c,130122,SUPERINT.REG.DE DESENV.DA LAV.CACAUEIRA/BA,Unidade_gestora
47620c194e386fb1cd89c84e0288474931ba663fc5a43c92fa3dab44a8e3c0bf,275079,CIA. BRASILEIRA DE TRENS URBANOS - STU/JOP,Unidade_gestora
c02e8dc9a1d8a6da721e7b6c4dd5d99cec0214013e7fb96fd0154dc4537de601,130095,DISTRITO DE METEOROLOGIA DE BELEM,Unidade_gestora
f96847af750e5786d9808972ac3d7473ac4c9d22b60845133d56da9888c775c9,160098,BASE ADMINISTRATIVA DO CMDO DE OP ESPECIAIS,Unidade_gestora
1def3008a72a27a3ff26933e05905e474d73818d37cc5508e7a0443a6fddd7c0,170119,DELEGACIA DA RFB EM VOLTA REDONDA,Unidade_gestora
bb221cc13f3a57c884989fc74a183e08f79536f89655d75322606daf517c9032,240124,MUSEU DE ASTRONOMIA E CIENCIAS AFINS,Unidade_gestora
7fbb6cf9c195e49d15d92a7bc40b65d469f57df0d2e1fac8a44da15d627fb4c6,153052,UNIVERSIDADE FEDERAL DE GOIAS,Unidade_gestora
0d8ccf8da8f29655f3cd6a10098ebef873924e86580505a796c4eca73699be88,160222,5. BATALHAO DE SUPRIMENTO,Unidade_gestora
5e2570098fae43cf9c6976f4a837e61915e3a449c68af2a03c16f7b77a54fb71,170205,DELEGACIA DA RFB EM RIO BRANCO,Unidade_gestora
95d8380589333562b785f0b37bc0714f0a7abe31564191cc63987759c70910d2,150229,HOSPITAL UNIVERSITARIO PROF ALBERTO ANTUNES,Unidade_gestora
ed01bb0b357b7cc8940af490164753d954c8960209bdd5f073532fa8e2403d80,158351,INST.FED.RORAIMA - CAMPUS NOVO PARAISO,Unidade_gestora
3e6a32d19469bd7b9c0b7d905ff4b21cf13c51b3aa7f4e449a27ce01fec7e780,170111,INSPETORIA DA RFB EM PONTA PORA,Unidade_gestora
6e9d19907a515b1ab4b60b391aacd6c1ed2ee793ee36409c3a2b89c7f623b335,380937,SUPERINTENDÊNCIA REGIONAL DO TRABALHO/GO,Unidade_gestora
699609da1916bf0293d369c92a3cda17b51fe1cf3bb7d108f712017bfa367d12,130021,SUPERINT.FED.DE AGRIC.PEC.E ABASTECIMENTO/PI,Unidade_gestora
55df8fa66077738dfad833a6000aca9a7a50c1708377b96deea2be2f27509a37,200129,SUPERINTENDENCIA REG. POL. RODV. FEDERAL-AL,Unidade_gestora
67c879cd1a33a36acad786aa292dd40808c2c33bcd42a09bca9c72ee291ed82a,200246,FUNDO NACIONAL ANTIDROGAS,Unidade_gestora
fd840ca75934c89bf35fdc2104920b905d52b86f9d85726f032e249ffbf4d697,158467,INST.FED.SUL-RIO-GRANDENSE/CAMPUS PELOTAS,Unidade_gestora
6f06e219436b00aab7daf4faa9f0b2aa66a6435d4eeb85cc7c1846f5370008bf,130094,SUPERINT.FED.DE AGRIC.PEC.E ABASTECIMENTO/PA,Unidade_gestora
5e14d7b852412a5b450ecd153f2525b6f86cee95950f15ecce3cae96340b4e96,443033,INSTITUTO CHICO MENDES - SEDE,Unidade_gestora
8ab0863cf9ccc14aa4003320a88e37d85e75b2c94614191fd70e3571d46e5cc8,200350,SUPERINTENDENCIA REG DA POLICIA FEDERAL EM MG,Unidade_gestora
fa72f588f0a1ed79c675f1b96dca4cf3a59a03f225251ec732a1cec94c4eed85,110120,AGENCIA BRASILEIRA DE INTELIGENCIA,Unidade_gestora
3732e88691fffa2da0c54b5c8abfd91aeeb3bd6cd5f46848707451c98cdc4dae,114616,UNIDADE ESTADUAL DO IBGE EM SERGIPE,Unidade_gestora
d63b5d265b2849d36a5de92dd3892a06acab4c0037fca666cd9f1d6f8d47f57b,366003,HOSPITAL NOSSA SENHORA DA CONCEICAO S/A,Unidade_gestora
d6651c25223d2ad5c2cc58b2581f6283a8539028a48cb1220007d93f47d5bac1,173045,BANCO CENTRAL DO BRASIL - BELEM,Unidade_gestora
b1a5786002479f3b91878476be21639cc6ef244a7e3b2497d27f052452c7f4cf,153038,UNIVERSIDADE FEDERAL DA BAHIA,Unidade_gestora
e80638ea3047c9c1322afa15990b9de4cb5c6a45744483ebba72861320aefa3b,170338,DELEGACIA DA RFB EM CAMPINA GRANDE,Unidade_gestora
da4c8fe1339dd338c9f3ad9f51ce1bcbdb9dd27550bb8b901bb2362d71001279,200404,SUPERINTENDENCIA REGIONAL NO ESTADO DE TO,Unidade_gestora
4a3b8fa90b0d1102654eac448bc4913ac0e261e2700efb5fd2cb8986df76de91,250036,NUCLEO ESTADUAL DO MS/SC,Unidade_gestora
6387d74e8573fa74bc078c26079874305f93ebe2bb82a59f1b9627c7c9b5c434,170024,DELEGACIA DA RFB EM MACAPA,Unidade_gestora
a89998d9ba59b562c47b822af6a69b146c247267c9ec61aa2ed424af72c43ae7,201060,SUP. DE ADMINISTRAçãO DO MP/AC,Unidade_gestora
72f8e7844f510d90d90547d217398a6e8b05d4bb0fe7a9a4a8ffc4276434fb7f,170155,CENTRO REGIONAL DE TREINAMENTO DA ESAF/PR,Unidade_gestora
654cb62cd4713165a37cc729acba8aadd0cde522a160d7407eaac09b26ff4de2,373051,SUPERINTEND.ESTADUAL DE ALAGOAS-INCRA/SR-22,Unidade_gestora
947eb2dfedc6b92e784a64811710c34b60d434a2d839190ad58907659052b5ba,114625,UNIDADE ESTADUAL DO IBGE NO RIO GRANDE DO SUL,Unidade_gestora
c56c0fa17f5b87058475e7073ea94e8831a5a158330ef44732fef3a34697d23a,160120,4. DEPOSITO DE SUPRIMENTO,Unidade_gestora
7479d9de714020c00c7b8ae2473f4ffc0406515dfc49a831c6068f49f5dd77ad,170009,ESCOLA DE ADMINISTRACAO FAZENDARIA,Unidade_gestora
32399b693964f97c2559740b6a35cde18fd304d3b0cee679406394bd9369d623,170217,SUPERINTENDENCIA REGIONAL DA RFB NA 2A RF,Unidade_gestora
8f1f26c7535c9807fcd7e6b9011466163ad84bfeffb269e619dce57da207306c,158124,IF GOIANO,Unidade_gestora
a2884fc4bdb763c88c06f958db594c4e0d66138e04eb7836e74458e712cf73eb,153030,UNIVERSIDADE FEDERAL DE ITAJUBA,Unidade_gestora
2777007bb40d9ec50ce3779bdd3996d30754033ca1c20b65fa8310ed27a3a232,495260,COMPANHIA DE PESQUISA DE RECURSOS MINERAIS,Unidade_gestora
87fba1bcc6abbf53b3fe113dadc01e8d7457b81f6220f464580cfc3c5d9b7be7,158428,INST.FED. ESPIRITO SANTO/CAMPUS IBATIBA,Unidade_gestora
41d43407c20448ed336e1b498e189d1ee0f51b76eaa21d8a0228dcd5ed3c7bd0,170214,SUPERINTENDêNCIA DE ADMINISTRAçãO DO MF/PA,Unidade_gestora
8a947ebbd3d8f65cded7ae2d7da9b777d431bc0923449b6f5d20f21dd2732f43,113204,COMISSAO NACIONAL DE ENERGIA NUCLEAR-IRD,Unidade_gestora
c5c23d3bf55b4db31d597704969b041734bdff62cbd1e582378cce4dd2e17a56,158444,CAMPUS MANAUS ZONA LESTE,Unidade_gestora
b6a660fd84b6efd1ee424bf2b36e2099c2e55308f66a8a5f4853e22009467b12,193117,IBAMA - SUPERINTENDENCIA DO PIAUI/PI,Unidade_gestora
caeac742f47d7617fea237c38c240882f88545651893b7acaae2f471519159cb,255013,FUNDACAO NACIONAL DE SAUDE - MG,Unidade_gestora
f912fbfc52725df29f499745476d76b8649a64aa3bb48fa0331fd04625167ebe,170326,DELEGACIA DA RFB LAURO DE FREITAS,Unidade_gestora
01612c45c08d49f67308dac915c3119d8f8c1b470a7a26bd3861d8f907a2f6b6,160469,2º GRUPO DE ARTILHARIA DE CAMPANHA LEVE,Unidade_gestora
46cc59f48022715aacfc00ce71a5c67931ee1c83730ac6837216ec43ad495de3,120628,GRUPAMENTO DE APOIO DE BELÉM,Unidade_gestora
949b15bd0d0557250282ff2e87681f663242cc33a034a8e326bf5ef2b9eba94e,135009,EMBRAPA/CPAMN,Unidade_gestora
fd41ff3d98b8749746a17e15693b938990ac1b90a460a89bb497acb88c2e3c55,167065,COMANDO DA 11A. REGIAO MILITAR,Unidade_gestora
24dd6279accb4f66112cb09de2f7045ebd9a87a9fa6975a5227969ded3ea53d1,170018,SUPERITENDENCIA REGIONAL DA RFB NA 1A RF,Unidade_gestora
c4e7221656363f524bc92ebfdb58199d64185564d3a9f03c780a03f0f90dfe59,114613,UNIDADE ESTADUAL DO IBGE NA PARAIBA,Unidade_gestora
43b8eceb4cc463d547b6405e445a511e9954b34428d084f2acb24dd55ed16a50,135005,EMBRAPA/CPAF-RORAIMA,Unidade_gestora
49f48a463d88ee571254b83bdbc0261c3a6ff73b6ffd918debc1786ed6f3e405,173053,BANCO CENTRAL DO BRASIL - SAO PAULO,Unidade_gestora
35129a499224b9cd636fb37824f357b17cee1850d767ae29362bcd976f0a018e,155010,EBSERH HU-UFMA,Unidade_gestora
4d7246fec8b83773879d75ca7add7823163eb95f514172fb7e6155faea7602c7,114612,UNIDADE ESTADUAL DO IBGE NO RIO G. NORTE,Unidade_gestora
e793fb20ea866ff66a9ed5c35fd21a4b2a4c366e8fcf49bce6317c604fa43d35,170198,DELEGACIA DA RFB EM GOIANIA,Unidade_gestora
9770dfb6f1514189cf4a8c201ee21d4c09242a613fb38d5ac62b24fa9d997456,323031,ESCRITORIO CENTRAL DA ANP,Unidade_gestora
04f996884257732dc4a9c406381e9d0b00598b32f42e5d773affdca92093932c,130102,LABORATORIO NACIONAL AGROPECUARIO/SP,Unidade_gestora
c1aa8756f36b77da7f8b7c30c42d2d9eff9b78a03b04bc1274752e02e4a7a811,154706,IF CATARINENSE - CAMPUS BRUSQUE,Unidade_gestora
39ce541e14fa83cfa97fb722676921fdf683ef04f5e0a7fb49d3d270f0ac1ed0,153114,UNIVERSIDADE FEDERAL DO RIO GRANDE DO SUL,Unidade_gestora
e9faa459e527c33c4fcb28c37f2d9f11486e1ea1f7321dd21522862bed72f6af,440075,SERVICO FLORESTAL BRASILEIRO,Unidade_gestora
d1cb3f00d44246c28fcff9193ad6c2c002dd4172f6ed250f5c0c4cac8eda4da4,167052,1 REGIMENTO DE CAVALARIA DE GUARDA,Unidade_gestora
d6cd9c4eb8505a9865feca8bd3cbf5271179613f8bb61842c92bc1e7f06c54d8,255011,FUNDACAO NACIONAL DE SAUDE - MT,Unidade_gestora
4c6b7c72a8104a6e0691c0e70e208890cb6621f727e3c1069acf69ca218d66b1,168007,INDUSTRIA DE MATERIAL BELICO DO BRASIL/FMCE,Unidade_gestora
51988c60f20def4622316cb3b0ca2d8ea40f0266538d1538b5b0ee50be721828,114623,UNIDADE ESTADUAL DO IBGE NO PARANA,Unidade_gestora
ca68fdcb653033494c23200afd5b650e642250dceeaf3f4956967e55f5b4cea5,343009,SUPERINTENDENCIA DO IPHAN SAO PAULO IPHAN-SP,Unidade_gestora
a07fd4321d1029500ad36401356fdf60555ae410eead1bed75eaad882cbadeed,160443,63 BATALHAO DE INFANTARIA,Unidade_gestora
2917446632f8ae4eaf19d809896c45a23e1fbae031cc69a6b42b320c68d382d9,158628,INST.FED.DO TOCANTINS/CAMPUS DIANOPOLIS,Unidade_gestora
c0e0466adef96edf86303f22085a6a790da0c95c8b28fb7999a69f0f076460c7,154359,FUNDACAO UNIVERSIDADE FEDERAL DO PAMPA,Unidade_gestora
5cdb1355258045b4b586971f87e46bcc48d2d387ddfd7de158046fd10a04a03e,173030,COMISSÃO DE VALORES MOBILIÁRIOS,Unidade_gestora
bf2d18ca081b815c8c9aba89f0556e8110b3244720cbf6c0e76d5fde2fd8b83c,253006,COORD.VIG.SANIT.DE PORTOSAER.E FRONTEIRAS-PR,Unidade_gestora
5fd274f545d9bff713da81e42a5504852819da6d5df107187549643beb31f703,170121,DELEGACIA DA RFB EM NITEROI,Unidade_gestora
dfecb1b50329f8877b1f4c9bdc5401cda3b39f669ff6585f966530dc7e7c3bf0,168008,INDUSTRIA DE MATERIAL BELICO DO BRASIL/FE,Unidade_gestora
a080039e6a01ac239e69654595402748c3486421e7d00b0f745574257f910c7e,160177,71 BATALHAO DE INFANTARIA MOTORIZADO,Unidade_gestora
44d1001fc0c60a8b5b7ba91b9135db2509caf4240efbd3bbacbdef5540cac28e,380947,SUPERINTENDÊNCIA REGIONAL DO TRABALHO/RJ,Unidade_gestora
aa80bd0b3cf879bba8a1fb019b44ab7ebc12291b8c6d6060d55e85e138282884,195001,CIA DE DES.DOS VALES DO S.FRANC.E DO PARNAIBA,Unidade_gestora
ebf098760ce97a32aa1c2eda32436beb44f68a7fb57883d3d8b8621d3071ec95,393024,SUPERINTENDENCIA REG. NO ESTADO CE - DNIT,Unidade_gestora
c48adbaa16539ad8232f90f038f864cca9a9d53872de4a67a72d8577e4ac2843,170334,DELEGACIA DA RFB EM MARABA,Unidade_gestora
67eb8e44be8f88d6ee14b6c7bd4ffc86383a05e2fa986988148dcf5ad4519646,200376,SUPERINTENDÊNCIA REGIONAL NO ESTADO DO GO,Unidade_gestora
e0dd9f0e51a7b261c906f2e2c255e0465d4520f94b839df214db3c2611ac0a42,255022,FUNDACAO NACIONAL DE SAUDE - RO,Unidade_gestora
6050fd3c012e55707867419105abbb625614b7a8aee1bbd11545f04d9d969b78,170339,COORDENACAO-GERAL DE PESQ.INVESTIGACAO DA RFB,Unidade_gestora
34b035e8a051e9e4982074d850365a81c3620e71a2560963bedcf246e730d15b,135014,EMBRAPA/CNPMF,Unidade_gestora
65b9a6250daa08d8de58a25d5ea96647fd88f8940019f8cbb81a48022898896d,373080,SUPERINTEND.ESTADUAL DE GOIAS-INCRA/SR-04,Unidade_gestora
23db36994409ca1ce9ad894befed648c84750b3d3a344b4a021437474a7ddea4,135011,EMBRAPA/CNPA,Unidade_gestora
c8132e674d12bb8094c473efa9f21737b6841eb59f037908da5803f37c57cecc,130014,SUPERINT.FED.DE AGRIC.PEC.E ABASTECIMENTO/DF,Unidade_gestora
c1629dd98196877c11918c5ecbbcacf5599639eaeca4886fa35f0bd11b51b7de,255017,FUNDACAO NACIONAL DE SAUDE - PE,Unidade_gestora
22545f592d1126d19b6064d583703f4130abbc9afdeaba91f3425c26287c49bc,158461,IF CATARINENSE - CAMPUS CONCÓRDIA,Unidade_gestora
cbd66216a7ed22766b2509a63476f28a0bc514637e5e005e50d43aef3d10157b,158294,INST.FED.DO MARANHAO/CAMPUS IMPERATRIZ,Unidade_gestora
cca3e26bb602d7750a7f3e196386ba014544e27a436a058e26eb8eb3daa8fe71,344002,FUNDACAO JOAQUIM NABUCO,Unidade_gestora
b0f01839bbd88756f0d81bbfca382f3144799b62c2d35c2d8276c1e545b4fb00,323027,SUPERINTENDÊNCIA DO DNPM-AL,Unidade_gestora
780abd18ad5d1aef2bd599ce75831e056aa42b8969f367cd3c15d0c65aeba19d,135036,EMBRAPA/CNPAF,Unidade_gestora
2614ef20b137d795adbf2aeeb6fb8d98b4eb0ebd47f6cfd59fa555a50753875e,413012,AGENCIA NACIONAL DE TELECOMUNICACOES-AM,Unidade_gestora
9b635506cf5cd5df652126e321c59129f882b679a990db4da76081278126f152,167327,INSTITUTO MILITAR DE ENGENHARIA,Unidade_gestora
32cd5e534930b4fcc518f5d83ce92c1793f621644b4389ba18f6d223d4b1fbcb,130068,DISTRITO DE METEOROLOGIA DE SAO PAULO,Unidade_gestora
22aa700688a03c47731adc9a8831d70c8a5d3d50b3cd162482b14debe1683ac1,130024,SUPERINT.FED.DE AGRIC.PEC.E ABASTECIMENTO/PB,Unidade_gestora
1631c98e803bb3b672f7be4955698e9410b9981ef33d77509cda690436ece41a,400066,SUPERINTENDÊNCIA REGIONAL DO TRABALHO/ES,Unidade_gestora
38467945d601671fb226dafcb25a0fe31b189868479c75c08ca0bd6a2f7cc817,135141,CONAB SEDE SUREG GOIAS,Unidade_gestora
e0848db27f7bba1bcbf9da3770e9726469acb7f1bd97bd5840bf2cb6cc12b2ae,114620,UNIDADE ESTADUAL DO IBGE NO MATO GROSSO SUL,Unidade_gestora
93de555df914be2770def13c0fbc60bdd6d1369680dadae5d0bb10f587431a62,200392,SUPERINTENDENCIA REGIONAL NO ESTADO DO CE,Unidade_gestora
cd47e253b08308825e70e1b21e1a2e9122751930a733ff8bc79806987b50728b,155125,EBSERH HUSM-UFSM,Unidade_gestora
266ac76b0898d5e43782c67edbe4b156dad608018c2cc92a65a05524ad9ad164,154854,INST.FED.DO MARANHAO/CAMPUS GRAJAU,Unidade_gestora
f4811ce3b4edb2c8010401a43e2b394869ced94262d7246075285594974e24b1,443001,AGENCIA NACIONAL DE AGUAS - COGEF/SAF/ANA,Unidade_gestora
a791be65c5a7615f5b1c1bbfd856d97b785455db818ac6c108b8cc7b86a5f568,323025,SUPERINTENDÊNCIA DO DNPM-MS,Unidade_gestora
4ec87f11005738ab48e6f3e7e8ff113acb2980a94a5007698c89b5aa7801e014,325001,EMPRESA DE PESQUISA ENERGETICA,Unidade_gestora
67fde54d7947cdb46ae0c774d531482f9fb0a868f2f52c3a5816d0075d385641,200338,SUPERINTENDENCIA REGIONAL NO DISTRITO FEDERAL,Unidade_gestora
a624af62f95d9338a68f1b9e38435ee98bab516730bf10c291191e4797dd5055,200384,SUPERINTENDENCIA REGIONAL NO ESTADO DE RR,Unidade_gestora
3b3f6ff65aa22cf9e6e496d75101034d08f8c9222557b39b07f6beb585985958,170184,DELEGACIA DA RFB EM NOVO HAMBURGO,Unidade_gestora
3dc3cc981dd63794472fc4d09f4f2f43173f5c623dcfea484524b2198e3eea6f,170327,DELEGACIA DA RFB EM ITABUNA,Unidade_gestora
e764552c6b6a9135e51537fb9ede13484149093d8050c1609704715bd28cd3d9,195006,CIA DE DES.DOS VALES DO S.FRANC.E DO PARNAIBA,Unidade_gestora
9ab30b8cd5a96f7428091113b3ca5be2db5d0f70babb72e724071ddf9b7702fa,114639,UNIDADE ESTADUAL DO IBGE EM TOCANTINS,Unidade_gestora
034f29c3cb25a0eeb085fd3d5e56346ce764911726cfcf25414be25530f703b7,203001,AGENCIA ESPACIAL BRASILEIRA/AEB,Unidade_gestora
287ec3f1e35015a32e4b3119181beac3c5ecb17da947351963d91fa5b902a81d,158425,INST.FED. ESPIRITO SANTO/CAMPUS ALEGRE,Unidade_gestora
2127831ff189e4a556fdcfbb09d65db5e0a766a6d37fd99ded53e7d50634c23c,154051,UNIVERSIDADE FEDERAL DE VICOSA,Unidade_gestora
4e1f6351e68c28e731a80df143119845976c7708b5fa8f2a8794088bc51ff73a,200396,SUPERINTENDÊNCIA REGIONAL NO ESTADO DA PB,Unidade_gestora
6e78bdbc3848e3029a9783dab3e3cf2c9338a76fab0bb1c69a9771e249bd4815,200388,SUPERINTENDENCIA REGIONAL NO ESTADO DO MA,Unidade_gestora
e589b5bc3c1bd4a84684522273f66671d1717d788d1dd4a8670d9a3f7c8131a9,255016,FUNDACAO NACIONAL DE SAUDE - PR,Unidade_gestora
cb31257277bd94b6a924ab2442938f94c5c620e489bfd5fa651db75a8f55a80c,114609,UNIDADE ESTADUAL DO IBGE NO PIAUI,Unidade_gestora
1e034c8063e00b0f2219c6b87c65876c31a2ca12f93fefa1a04bf0bcd2d34ab7,195012,CIA DE DES.DOS VALES DO S.FRANC.E DO PARNAIBA,Unidade_gestora
4867f737e1dfdb4ad074a543392733915b7c6259300d9306bcb9bbec2d101df9,364102,CONSELHO NAC DE DESENV CIENT E TECNOLOGICO,Unidade_gestora
9cffc72b1363bcc719d451a1f76b96f91f84bd227a51fc91c60c4837c2f775c6,113602,INSTITUTO DE PESQUISA ECONOMICA APLICADA,Unidade_gestora
e52a0c36ab8b1367bf6ffc4eb15f3d614ad2aef3f62a415bfabc3836206a5a79,323008,SUPERINTENDÊNCIA DO DNPM-GO,Unidade_gestora
445b4615b8571bb5ff99f8ed665b3fd158e59c4ab6fca42ea958f934ceb34242,170153,SUPERINTENDêNCIA DE ADMINISTRAçãO DO MF/PR,Unidade_gestora
94bc6861cc171973583c67753ad1503611cfe375313034b7158826feb5bd2743,323011,SUPERINTENDÊNCIA DO DNPM-RJ,Unidade_gestora
e1c6f6d29b1fddd0e0ec16822161f52b6a7a019ed45ebfcac6e1c839ee0f3f36,158459,IF CATARINENSE - CAMPUS ARAQUARI,Unidade_gestora
b052518b3b94cf10ef6bced84ae7d70f47510d63c259cb2fd0ccf3f8f9b13231,158286,INST.FED.DO MARANHAO/CAMPUS MONTE CASTELO,Unidade_gestora
9496523c304dd4051940e406dd073aeaf5feeeae9a37d6ac23b120ca03fd3cfd,154032,FUND.UNIV.FED.DE.CIENC.DA SAUDE DE P.ALEGRE,Unidade_gestora
eab5ae78ace37846780b6d85230f635ec407e4323ee7546422d1418ec7c430ea,155903,EBSERH HU-UFJF,Unidade_gestora
c4aa49b7d6951bc64ff7884437a6a792d2f07afc6faf52d90934ae562e98cf38,193007,DNOCS - CEST/AL-PALMEIRA DOS INDIOS,Unidade_gestora
96d9f0d5d73cc6a4aa7509a12095bfeb9821463d627c41eeb4557c8b30807d37,158295,INST.FED.DO MARANHAO/CAMPUS ACAILANDIA,Unidade_gestora
f26a8d40c075d202262d50c22584694af8ec2f2f407a4663f66fd0d89633baa5,130083,SUPERINT.FED.DE AGRIC.PEC.E ABASTECIMENTO/RO,Unidade_gestora
70bb3f3510dbc235e0838024381c31e7789693b0c8bfbe3db5c1e2125ce4b339,373070,SUPERINT.ESTADUAL DE S.CATARINA-INCRA/SR-10,Unidade_gestora
b6fe577338327397111137be3bdfa23e657e9002fa65b57b12b8a0a3b00b9543,154046,UNIVERSIDADE FEDERAL DE OURO PRETO,Unidade_gestora
9c07851d2c36bc167b7ddc4d3f03d9d888715bdd4216bcb2507b8d4f24f77a93,400065,SUPERINTENDÊNCIA REGIONAL DO TRABALHO/DF,Unidade_gestora
ed3ff57d4b4e66362b1bab84f90b67fe120cdb31aab81d831d32e0b55f57bec6,170040,SUPERINTENDENCIA REGIONAL DA RFB NA 3A RF,Unidade_gestora
85cd6d3a7de035b54bdf202583049df11c9165428bf9482640f3c030a133af1e,170131,SUPERINTENDêNCIA DE ADMINISTRAçãO DO MF/SP,Unidade_gestora
52fffb5eceee5d4a81eff3d7421912bdba54c4dcbce8e45ea1ee800438e7a1bf,323026,SUPERINTENDÊNCIA DO DNPM-RR,Unidade_gestora
12a7ca2254f6355fd3111a89f9f5cbfa7b665fde8147211babf9c09428bc19d6,150248,HOSPITAL UNIVERSITARIO (HU/UFGD),Unidade_gestora
09602f480bf8d035e5f2d87f329af6e83519d8b4c2141a2b023a3c5fe61dc06e,254447,INST NACIONAL DE SAÚDE FERNANDES FIGUEIRA,Unidade_gestora
dab7cc6f2dc6163909d0998d9b1638a8e177440e34e59fba5f732f1e1b7b3b9a,250027,NUCLEO ESTADUAL DO MS/PB,Unidade_gestora
485cbb0ca91fceb0ae52a21aab207eec09ba61b48cd4d2281fb264abfa71eab9,380940,SUPERINTENDÊNCIA REGIONAL DO TRABALHO/MS,Unidade_gestora
0bac702c50e3e973955544c74caa7bea74cc5a65aaba19afb40e302706e404f5,393001,AGENCIA NACIONAL DE TRANSPORTES TERRESTRES,Unidade_gestora
a4f7b36906a67b2e6a1d9b99ca819f7faaa978e0aeb2ea3e7f20e79a278e8e1c,114626,UNIDADE ESTADUAL DO IBGE NO MATO GROSSO,Unidade_gestora
9a25550a5806b4b7849f28bc40698f5ba5bedd73d1628c5ec8567f6fae592d05,373058,SUPERINT.ESTADUAL DE M.G.DO SUL-INCRA/SR-16,Unidade_gestora
1d942b207461d0c18bb02baaa0ae96aaa8536cfb64aaf2c74efe30b40bf4acd8,200354,SUPERINTENDENCIA REGIONAL NO ESTADO DO MS,Unidade_gestora
5ca6c5632c23050b3da160b8f65ca9a297682dca8378c30ee047d75ff4f42b34,160134,CENTRO DE INSTRUçAO DE OPERAçOES ESPECIAIS,Unidade_gestora
1a3108bbd39ded7994fa0062c4489225cdfcf69d50fd3e75f99e62cfe1c0557c,135024,EMBRAPA/CPPSE,Unidade_gestora
cb9e670d38ca7aed8cbbf970385ae86147153c9a1e4abb0ec7c6058d5508966b,130064,DISTRITO DE METEOROLOGIA DO R.DE JANEIRO,Unidade_gestora
c5b832c1ca89dc58924f7849980cfd0e9bd20751ffb39953d4c4c16849a1971a,110156,ESCOLA DA ADVOCACIA-GERAL DA UNIAO,Unidade_gestora
bf03a3001f758b2d22cf9da123535866de77504f596a2d1e42cc26935df0b293,200378,SUPERINTENDENCIA REGIONAL NO ESTADO DE RO,Unidade_gestora
487c7060ab01290700fd68dc3dbb155fa2a6d8eabd73587493777ddaa18694e2,275058,CIA.BRASILEIRA DE TRENS URBANOS-STU/BH,Unidade_gestora
a042deefd2336867b4f372d0fae999e924fbde2192658fa675b551d2b8699f76,135100,COMPANHIA NACIONAL DE ABASTECIMENTO,Unidade_gestora
a2c760b75f841f3962db78814efef1813a7789a22720b72935cd6567f69bb984,170181,DELEGACIA DA RFB EM PORTO ALEGRE,Unidade_gestora
cd9f19b6707dac22b89fdf6afc4c9e3d274313c58de83ed72e797dba53edd622,200323,DEPEN/DIRETORIA DO SISTEMA PENITENC. FEDERAL,Unidade_gestora
8cb73e3bd323e5eb166085f85f5dafcc9cbf0d001b0fb75374d25bdd0d8a00a9,130126,SUPERINT.REG.DE DESENV.DA LAV.CACAUEIRA/PA,Unidade_gestora
309f9f32b1f4640b2b74ca6dbf947f735775e04776336c98fa9311fb3de85248,373066,SUPERINTEND.ESTADUAL DE SAO PAULO-INCRA/SR-08,Unidade_gestora
9ba92ef68b946c0cab0af7fa2cf7c2074c03e782a8d944493ebe2249fd06c102,200346,SUPERINTENDENCIA REGIONAL NO ESTADO DA BA,Unidade_gestora
bed4526a55e2810d3ae749f6c3870b0e517cafb2f32a3502d0b2dd881b570e02,323012,SUPERINTENDÊNCIA DO DNPM-CE,Unidade_gestora
d0e2e15edd5ed02c5f8da00139c739165c8003e754278b252b87706786d35044,151911,IFPE - CAMPUS AFOGADOS DA INGAZEIRA,Unidade_gestora
a9c3496f850fe38923ea30b4e45d14dd3081cf971e4e4b9d0dc69bffce5610c3,158122,INST.FED.DE EDUC.CIENC.E TEC.DE MINAS GERAIS,Unidade_gestora
d920f4c585410cce1b0ff98ec5f73a3194f424b6d0e712e0aaed5a8154129c06,135265,CONAB SEDE SUREG PARANA,Unidade_gestora
5eec52e8f901dd981b4575bda30ab300385c08c69dad8d8340ec63097aae2a0c,153015,CENTRO FEDERAL DE EDUCACAO TECNOLOGICA DE MG,Unidade_gestora
4ff5dd8b04c3378a99fd8f13836eeef8488829c68e82112301e4a484da0737e2,158676,INST.FED.DO RS/CAMPUS FELIZ,Unidade_gestora
93789bcc6f404d411974387213b3170370c6544a19d5049b70fccd6e0f3be597,158261,INST.FED.DO RS/CAMPUS PORTO ALEGRE,Unidade_gestora
0d800de92e8935528bab87371d08bc4c5d2faebb478ccea5144201f1e2d2c79a,130077,SUPERINT.FED.DE AGRIC.PEC.E ABASTECIMENTO/MT,Unidade_gestora
765464e88500dbf5480d870c9361914e11d2ecddd9dd72faa1007aecfd2f8230,170171,DELEGACIA DA RFB EM JOINVILLE,Unidade_gestora
4e06cde85e6348858b3953c413adac3e20ae23487979a40544a9ca5c09367238,400056,SECRETARIA DE INSPEÇÃO DO TRABALHO - SIT,Unidade_gestora
1d0e52f42fa8485d45b55a463a072fa148494903b2b6a3593fb696ed99d9865c,130028,SUPERINT.FED.DE AGRIC.PEC.E ABASTECIMENTO/SE,Unidade_gestora
80af1ceeb280f2b10002eeead86263026afdc96ec78dbcce913c88961aa4d367,495130,COMPANHIA DE PESQUISA DE RECURSOS MINERAIS,Unidade_gestora
c2ac2c5319e1fa61e33922bfb258ef8834286b6bf620797b41c65158a935a75f,373057,SUPERINTEND.ESTADUAL DO E.SANTO-INCRA/SR-20,Unidade_gestora
434d12b91f9650ff28c3478a082d6493bcade5dfcfd400a584ee78d5e200e0d3,154047,FUNDAÇÃO UNIVERSIDADE FEDERAL DE PELOTAS,Unidade_gestora
3a5e70e14b1e7f6d5048fa2f61656f71aaf820cd103033358a010c18023047a4,130022,SUPERINT.FED.DE AGRIC.PEC.E ABASTECIMENTO/CE,Unidade_gestora
f87d1bfd2ba4237afb08b4b307761cda894413f4fc5e7fd7f8447b3a9c0c553e,114627,UNIDADE ESTADUAL DO IBGE EM GOIAS,Unidade_gestora
eab42f7f910f28a5957257b699ee00b4e6e0e0c4cca1260a1b7f46754e091fdd,135101,CONAB SEDE SUREG BAHIA,Unidade_gestora
5e7730a29a2d0585527a51bf58900fe102bf2a2f6d5257d099e527566ab0d17c,114608,UNIDADE ESTADUAL DO IBGE NO MARANHãO,Unidade_gestora
4b8b268b106b261887033911aec17a53be6e34f61eefb8598eee40ff889b2eec,113205,COMISSAO NACIONAL DE ENERGIA NUCLEAR-CDTN,Unidade_gestora
7336a3cdf1bce575c424f5b70e835d51670a915ac88b649f4a8a7607df7f2f8f,167129,ESCOLA DE SARGENTOS DAS ARMAS,Unidade_gestora
f463dc85a727fa379d3daa5722ff5eb4085e25658d744611c436ab777545264b,150232,HOSPITAL UNIVERSITáRIO - UFSC,Unidade_gestora
a6bf5ef837e043989fc5be41f7e7c1a4ea49ef009be3ecf6df2869019f745f46,170207,SUPERINTENDêNCIA DE ADMINISTRAçãO DO MF/AM,Unidade_gestora
89f7a813de2a59107c3f9bcf390176e7b4e581e54ae46c3b8b77fe9844d33e02,170156,SUPERINTENDENCIA REGIONAL DA RFB NA 9A RF,Unidade_gestora
059be97518041a7946f8a402be99da069565879ccd932817080e6b6fac4416f4,323010,SUPERINTENDÊNCIA DO DNPM-AM,Unidade_gestora
549f08daea5e6e33b9ecafda90ef4d9ebc020ce6354c27aa9b5dd2769391338c,255001,FUNDAÇÃO NACIONAL DE SAÚDE - AC,Unidade_gestora
9c7c25f2919f4733517a82ef3826ca8d64ea1d0237378b3e1d2a2088a3d84843,158341,INST.FED.RONDONIA/CAMPUS COLORADO DO OESTE-RO,Unidade_gestora
f101301de0ed84d767b353f5977fb83de7c3a9e6dda4763f627aa237d1ad0e83,323015,SUPERINTENDÊNCIA DO DNPM-PR,Unidade_gestora
439a23b763376f643c48d9ada7e930a5c0ae21270efe45346a810f8e561cc4b3,160350,17A BASE LOGISTICA,Unidade_gestora
47fb290d97de6e67d0fdc02bbffd3e9314741fd17064f2c12c0f843bcd8a319a,373072,SUPERINT.ESTADUAL DO R.G.DO SUL-INCRA/SR-11,Unidade_gestora
88bc0b7fdaa631bb2befac6f7903515dee11ef49a818f6e9e1cc5e44caf3812c,373044,SUPERINTEND.ESTADUAL DO PIAUI-INCRA/SR-24,Unidade_gestora
8ce1ed286319924359f85acb5cc0957489fad1e8ac6b6979665dfd28d6c2134f,173051,BANCO CENTRAL DO BRASIL - RIO DE JANEIRO,Unidade_gestora
5740f43324a42721fc7153f6883e141064749d010935ebb43836f46461dec168,250031,NUCLEO ESTADUAL DO MS/RJ,Unidade_gestora
2697d8c3ce9f608af349db2258f3da1f7503e2c17314861c4e6b0bed91c56893,160244,COMANDO DE ARTILHARIA DIVISIONARIA DA 1 DE,Unidade_gestora
320ccc9c0273e1f3c5fbadfdea5f520b70608920605cc93c29d6f42e637f8a1b,160354,10 BATALHAO LOGISTICO,Unidade_gestora
b52a01b795c095f58c99e086d63a6b764d960c05bd8c7e348338feb1d2ada6cf,200109,DEPTO.DE POLICIA RODOVIARIA FEDERAL,Unidade_gestora
8ffeb9f468b9c5a968077b10ac544c49b6f94c2016063434a0095ddd4251e330,323013,SUPERINTENDÊNCIA DO DNPM-SC,Unidade_gestora
3fe966560e330d88e9b3d2bc81ba9ef44b9e6599fbcdd6ac649f26e8913df39a,158417,INST.FED. ESPIRITO SANTO/CAMPUS SERRA,Unidade_gestora
c3e6b6db9f3d169fefdcd5bbae1c5527c2f6a6201d269827c83f05348ba9e287,200601,PENITENCIARIA FEDERAL EM CATANDUVAS - PR,Unidade_gestora
431df9dd108000352849bd3b80d0ed734a4b72ebcc5c8fa3f8d0dd4613100685,170180,DELEGACIA DA RFB EM PELOTAS,Unidade_gestora
a9a5ea735739e324d2bef92d0e71f509243e426872781322faabece3f6b0b519,170102,ALFANDEGA DA RFB PORTO DE VITORIA,Unidade_gestora
6bb0da9b617ce4f31963c1b0dfaeec0bb2870e20093edc129933bf15a96d15fc,323009,SUPERINTENDÊNCIA DO DNPM-BA,Unidade_gestora
4933bed156b3d586b5b6d235cf853030814672f3885edf8fd773d4b170fcaae8,195003,CIA DE DES.DOS VALES DO S.FRANC.E DO PARNAIBA,Unidade_gestora
f2960e1ac5e25cef96ae6e4341899d958d68db54511c5a70d647166e6129714a,170050,SUPERINTENDêNCIA DE ADMINISTRAçãO DO MF/PB,Unidade_gestora
1263c4a5f6c3097e947376fa250548b6642ca189acbca19dd1189ecd5eec099e,510280,GERÊNCIA EXECUTIVA CAMPO GRANDE,Unidade_gestora
e9d3c0f277fd1782c59de956b4c10ef6020764979edaf59abe22b7086b347fd9,380939,SUPERINTENDÊNCIA REGIONAL DO TRABALHO/MA,Unidade_gestora
93444044204854d5cccf27c1c3f00be9b089193dcefa08e197119a853c12c68d,158476,INST.FED.MINAS GERAIS/CAMPUS S.J.EVANGELISTA,Unidade_gestora
aef99010e675e4774d7c587b10da6872bc2fc29a32beb248dda01bedc4fdbdf1,170080,DELEGACIA DA RFB EM FEIRA DE SANTANA,Unidade_gestora
d86e3863b5c2141313bc4ab9a174d23636fbf4bab81a84f0b2a3abbe8e39f7a7,153080,UNIVERSIDADE FEDERAL DE PERNAMBUCO,Unidade_gestora
67ffdba7adbb41bdba13d7de8d1bcccafcdf55ad4c104077a5c3eb3c4190470f,130027,SUPERINT.FED.DE AGRIC.PEC.E ABASTECIMENTO/AL,Unidade_gestora
2a6562da1e09f1710f359aa68d6e69b536a22a1c6fac460f3a0b0ac6588a6242,158339,INST.FED.SUL-RIO-GRANDENSE/CAMPUS SAPUCAIA,Unidade_gestora
ef885085c769362ab6eb5bf18ffed8cf8722b270aee3be966f9f731b4c6d6f58,150148,UTFPR - CAMPUS LONDRINA,Unidade_gestora
efc00d37c767bea0c58a077a7dc44992a98e706d65bbe45f111c46a864961603,130030,DISTRITO DE METEOROLOGIA DE SALVADOR,Unidade_gestora
0c8df134d18bac77c47b7cf9b9e08c12f7c77206c0e936fcd51d6d25ad80af91,155900,EBSERH HU-UFSCAR,Unidade_gestora
01eeab20c9947868af2ff3020872153c00995002ead61eb3b68408a1312ff8c3,155905,HOSPITAL DE DOENÇAS TROPICAIS DA UFT,Unidade_gestora
5bd64a404dbbb5e26c7c72fe617c521be239c1caf423f056777fe7142037da64,135031,EMBRAPA/CPACT,Unidade_gestora
d11de3a9e870c5acc12cb1c4b828614b0684b0d34ea3df389c8df14b6a638263,201063,SUP. DE ADMINISTRAçãO DO MP/RR,Unidade_gestora
c8f198b39368a4c18816bd4ad65261eac64da3ed0b06ed492b8c782178c22760,160528,BASE ADMINISTRATIVA DO C COM G EX,Unidade_gestora
4665eede98717b5e5f0ce8e2bf6edb8fdde957b1d8dae8582adbe962a11f82c7,203003,AGENCIA NACIONAL DO CINEMA,Unidade_gestora
4c997a789f59849869169eb85fb60b1d7393224ca6b73892d2270972f5b20150,160156,44 BATALHAO DE INFANTARIA MOTORIZADO,Unidade_gestora
16c3f7b37c40d006866f65dad7ffec5e4e6aee4242dfa1b2b47d40cae06a2c54,323002,DEPARTAMENTO NAC. DE PRODUCAO MINERAL - SEDE,Unidade_gestora
e37c907a8e6ecd42b645dcaff04c530d07287e5fcaf25056692724acb64bb5a2,158442,INST. FED. BAIANO - CAMPUS GUANAMBI,Unidade_gestora
fda162d893ee33290402cb74194aef20e4e9b680d277020aa91a3418285356ce,323004,SUPERINTENDÊNCIA DO DNPM-SP,Unidade_gestora
aa255697326d96e432af2d7a9014ce60008f62c2e340af1843ad2d5a5039160b,135049,EMBRAPA/CPAA,Unidade_gestora
5e00f7e249376016cc78cbfb154dedc602ac8e279976c8afdd3c9971bbb65c68,155001,HOSPITAL DE CLINICAS DE PORTO ALEGRE,Unidade_gestora
04e518688c3f8f84c42d46af0bedacf97358d3113f87b78cce20dd16aecb8617,135048,EMBRAPA/CNPAT,Unidade_gestora
2be83ee16dc6db79d4ea6fe28cf81d61fadad8d2f481d16b3ac87f5fe716203e,130026,DISTRITO DE METEOROLOGIA DE RECIFE,Unidade_gestora
17b4895398c03c3e7072da1b9b484be4ad905bab84cce86dd26d5772312d579f,158481,INST.FED.DO PARA/CAMPUS TUCURUI,Unidade_gestora
e8e750a2fb9c66138562052bc67fe92c8d33acfe68c631b7693190a7cd384dfd,158355,INST. FED. PIAUÍ/CAMPUS FLORIANO,Unidade_gestora
0260642b731ce0f7c37d0aad3853af26c70e1670c1369df33e781918ab51c996,170066,DELEGACIA DA RFB EM MACEIO,Unidade_gestora
92e5550a0466d9fa0c1b69825eff4dcabb04340d11a9d2d2b6de177965ed1e85,160512,20 REGIMENTO DE CAVALARIA BLINDADO,Unidade_gestora
e9b3f14467e79b12d206856793cbc68266377603f52e0983584e006a1b8a3eda,373085,SUPERINTENDENCIA ESTADUAL DE TOCANTINS/SR-26,Unidade_gestora
91dc2347f72026513aef13c9f5efa3224b43e9ce72440717f9acd440cd6e3f80,170072,DELEGACIA DA RFB EM ARACAJU,Unidade_gestora
68fddfb2e44941a3dc80c3d9f565f6b2992c2a277521334fd20a5ca01c6a6e2c,373067,SUPERINTEND.ESTADUAL DO PARANA-INCRA/SR-09,Unidade_gestora
9cd86f1bbf9ea5956aa5eb7984ba7059f6497339b36f095b31bad04195ce0194,160343,7 BATALHAO DE ENGENHARIA DE COMBATE,Unidade_gestora
65482dee8847435b68288c859bb62d9c1271999ded52d62c51e8afc3e782b286,323003,SUPERINTENDÊNCIA DO DNPM-RS,Unidade_gestora
99fe16cf6bf04e770233bc3dfaf1025be52c9200a18a1532cdb3da5aa0f615d6,173049,BANCO CENTRAL DO BRASIL - PORTO ALEGRE,Unidade_gestora
1447828dd66c2348d72dffb7ec36f2ccd1506957b51e7304f28de1ce4d35e29c,154049,FUNDACAO UNIVERSIDADE FEDERAL DE SAO CARLOS,Unidade_gestora
5f66212f73781bf5434099f83b489b9cbfc63006dc5ec70a17b1ad70786fb84d,155821,INST.FED.BAIANO / CAMPUS SERRINHA,Unidade_gestora
99959952b19c8a428c0e1be0701b6d5317626853930a6f894027d43669771c1b,201062,SUP. DE ADMINISTRAçãO DO MP/RO,Unidade_gestora
6da89ef9777c87ccd7e9a8bede2813546fdd1f2f3ea8d4706c204804bb464098,153047,HOSPITAL UNIVERSITARIO C. ANTONIO MORAIS/UFES,Unidade_gestora
0c453700260d796de0e092fbf89d0d48b2a5e34a7fece72747912f6e41af166a,160155,2  BATALHAO DE FRONTEIRA,Unidade_gestora
e2491fb970f564aa31d09ab908d6a0778175b497ee39d86684f2afceb465f497,158448,INST.FED.DO MS/CAMPUS AQUIDAUANA,Unidade_gestora
48b774e2c708dadbd31b11ddfcab87513a392f41eea06948fe3089d36c8df746,158299,IF GOIANO - CAMPUS RIO VERDE,Unidade_gestora
c21e3b988084a71ede7db0d774a51caed4e95f9b09dd641bf0901159d0c7b1ed,130062,SUPERINT.FED.DE AGRIC.PEC.E ABASTECIMENTO/MS,Unidade_gestora
9568b8386a65fb6da63b2db9988bc8bc5d58001eede02e3381225e30be002abe,250001,GABINETE DO MINISTRO - MS,Unidade_gestora
63d6f7e1922355b506525c3623439f7375a7626d80317870cd5c080c52ada949,200360,SUPERINTENDENCIA REGIONAL NO ESTADO DE SP,Unidade_gestora
d304ead999151813c552a9cedf69501c02d449cfd10c689067e9857c3eb82937,167547,22 BATALHAO DE INFANTARIA,Unidade_gestora
bb1550f4cb1643813f607e6afc922b757bbc758267b986328867c822e388c192,160206,30 BATALHAO DE INFANTARIA MECANIZADO,Unidade_gestora
4c188d8ce9fca84abfc656bde3ab36868fd1dc58e77c4258443c8ddd46fc738d,114607,UNIDADE ESTADUAL DO IBGE NO AMAPA,Unidade_gestora
425695f79a40e327c069cf2f51726bc14ea9071d4df4c7a4811461c915bba5d5,193002,DEPARTAMENTO NACIONAL DE OBRAS CONT.AS SECAS,Unidade_gestora
081177d260c305fb18b9a290266384c422f5b6b626570154e2ed539174b00c13,114606,UNIDADE ESTADUAL DO IBGE NO PARA,Unidade_gestora
f71e7c9cd748fdd7da767927644de88f01683654fe8d6206ea6cbc22add9cfe7,135017,EMBRAPA/CNPGC,Unidade_gestora
a54f7662378b9eaecbb7803305e27abbccaab230b37c30b64d97a2124a24bdf7,170190,SUPERINTENDêNCIA DE ADMINISTRAçãO DO MF/MT,Unidade_gestora
4480396ab3b11889746b2e01025e78b9bfa9d0baaeb513a7507d6a5abf88782a,160249,ACADEMIA MILITAR DAS AGULHAS NEGRAS,Unidade_gestora
822635eed3d37782a35037a9fddeea09eb920bd4b4e1092eaa15b10e6ab8779c,160321,ESTABELECIMENTO CENTRAL DE TRANSPORTE,Unidade_gestora
79a97090860fb82cc47d848ef0ad5acc1d7fd8e54097051d848a2f10ed9b3c4e,158513,INST.FED. MINAS GERAIS/CAMPUS FORMIGA,Unidade_gestora
d34d39ac5044077c19daa26efd42e5b3a0895b9adb9433b7b15f6d952514f4a8,170038,SUPERINTENDêNCIA DE ADMINISTRAçãO DO MF/CE,Unidade_gestora
17326fd62d1a1d04f2f17a4676d456c5f7f076382c2ad901b9f2756dd3fa0a05,373055,SUPERINTEND.ESTADUAL DE M.GERAIS-INCRA/SR-06,Unidade_gestora
9137743fcd612f76eeb3d0ffa6ab75652527c3b809531d6795b6b31beaf87357,183025,SUPERINTENDENCIA DO INMETRO NO ESTADO DE GOIA,Unidade_gestora
83205b7d0e758f0a485828388efb068abc4a171f1f6b35a3d9a6c422f3b232f2,380048,SUPERINT REG DO TRAB E EMPREGO/RN,Unidade_gestora
dfcb6f9d655f11137d5a9f10e5b208136d57823c07a1f76a7657cefc3f2344a7,200127,SUPERINTENDENCIA REG. POL. RODV. FEDERAL-PI,Unidade_gestora
a86c04d54d0aeeba5bc50851fa37d208dbdfdb6880a50c9a7bedb56339bd6995,400068,SUPERINTENDÊNCIA REGIONAL DO TRABALHO/MT,Unidade_gestora
84b20db20019594eabbcb0223eb9f0514f31ac22dc7f61ec46944006c20dde5e,155678,INST.FED.MINAS GERAIS/CAMPUS BETIM,Unidade_gestora
c76a2a375c96fbbca85067bdf6604d799e1074d6cf177e43088fda86dd5ebb9a,170106,SUPERINTENDêNCIA DE ADMINISTRAçãO DO MF/MS,Unidade_gestora
fef69649aba1f9d07c2f78cee9dc69630e2f8abb0d3bb3b6b6bc9a66a5b3afa8,170186,ALFANDEGA DA RFB EM URUGUAIANA,Unidade_gestora
ac96d664fc80e4c0442c210be76cb6638e6e50a8e19672f5b8d1a0129e17b2eb,170059,DELEGACIA DA RFB EM RECIFE,Unidade_gestora
cc0fda8fb23954bff119596f3d3f1991521076d58b58485f6a86dbd096eb40aa,380941,SUPERINTENDÊNCIA REGIONAL DO TRABALHO/MG,Unidade_gestora
e2d93b44e6eff3c900c691a276cf1a4815bd51fb7f86cc2adc1b37abf5c7d1db,200114,SUPERINTENDENCIA REG. POL. RODV. FEDERAL-BA,Unidade_gestora
3ef5246ac85b44b88bcb1e1791476d99a81902b062d1542749bf48c793b39d12,170058,SUPERINTENDENCIA REGIONAL DA RFB NA 4A RF,Unidade_gestora
52658c56e5e68b817ae148e809c1c9543e5fa9a4feda7e1fd91e11a1f37ef38e,323016,SUPERINTENDÊNCIA DO DNPM-RN,Unidade_gestora
54a36a8a0772aaace951d95ab34d03d53bd46b2684d7685b4e7d2658a77fec6e,130029,SUPERINT.FED.DE AGRIC.PEC.E ABASTECIMENTO/BA,Unidade_gestora
5cc7468b8275a8feb308522a0edada54fc0ff14fcd23a7196a2fdd97d2a8d65b,533013,SUPERINTEND. DO DESENVOLVIMENTO DA AMAZONIA,Unidade_gestora
268dfdffdba326da0c3a6ded5b164f143705949010ae83eb85622fd61dcd396b,158128,INST.FED.DE EDUC.CIENC.E TEC.DO MARANHAO,Unidade_gestora
11b81dc0c8d85c9cdb6062d2a2f49f7933b55d1f89730c48c6aacc9374b72e6b,115406,EMPRESA BRASIL DE COMUNICACAO S.A,Unidade_gestora
a48e0e944145cd8fe217bf407e6308fd8e5aecf1a91218545d77d8fde1cee1da,110096,SUPERINTENDENCIA ADMINISTRACAO EM PERNAMBUCO,Unidade_gestora
a275cde51ff87a7242fcaadced92b4a71a6b2a768b6847efa2afc9e9b05bfbd3,155124,EBSERH HUMAP-UFMS,Unidade_gestora
15aab3009bca9c951ff4aa982f2f1dc3654caead3c58bfff7bc535817ff505a7,250019,NUCLEO ESTADUAL DO MS/ES,Unidade_gestora
d4fa4339758e8ead5cb6af79dc282cfef3601deb5d246d5c39e2800a05ad38d9,170163,ALFANDEGA DA RFB PORTO DE PARANAGUA,Unidade_gestora
fc118ae9354a2c3dc87a0412903a3b8ebe7e887e23ca189231952fdaa67e11b4,130090,SUPERINT.FED.DE AGRIC.PEC.E ABASTECIMENTO/AM,Unidade_gestora
6adbd8af6def48101c6a1760494016ac0d000d4eb4111b74177d05adc031b8f7,200366,DELEGACIA DE POLICIA FEDERAL EM FOZ DO IGUAçU,Unidade_gestora
ddfe31296da79ea9bf611c45036a6c80dff67d246d67e61468a5740253681cba,153115,UNIVERSIDADE FEDERAL DO RIO DE JANEIRO,Unidade_gestora
3472b7a156692d1ea74b0733d1adc72b95398d574ac4fb6bbcd7939468b1741c,173047,BANCO CENTRAL DO BRASIL - CURITIBA,Unidade_gestora
613892e7739bbaef439ec6730ac4ce07b03ba9d03a1ed26a033e4ed5448df844,200374,SUPERINTENDÊNCIA REGIONAL NO ESTADO DO MT,Unidade_gestora
e543d39b8802f0707ec2cbf967b939400f4640251a32193051ca3c78cbf4b2fe,160212,27 BATALHAO LOGISTICO,Unidade_gestora
0ba6be9ab3d058f272ca1e6c9811fdcc54b44467e172f870b3d5cea542c1d9ad,158633,INST.FED.DO TOCANTINS/CAMPUS COLINAS DO TO,Unidade_gestora
8c0163edab27db9ad2ea115e64bf34710671aa3ee0c15d5e994263f46a28b45e,170261,DELEGACIA DA RFB EM S.BERNARDO DO CAMPO,Unidade_gestora
619f7fa38820fa2249404e117bcafa185a8157b536e55d6f6b90572281c43157,130103,LABORATORIO NACIONAL AGROPECUARIO/RS,Unidade_gestora
a443dd33b0ae80e5cdbba6d7204abefe6853e3dad19e2cc923f359ac780df9b3,130032,LABORATORIO NACIONAL AGROPECUARIO EM GOIAS,Unidade_gestora
a0c1be72c5f8f15abb03f3e0592dcb19285a4581ab22a5d4a843d6c7ac1ea634,510890,GERÊNCIA EXECUTIVA PORTO ALEGRE,Unidade_gestora
ec32c10ff3d67f3bb5f5012f3e49b2d121adfae11efbe9161cce4c07d8bd567f,170114,SUPERINTENDêNCIA DE ADMINISTRAçãO DO MF/RJ,Unidade_gestora
f1241d22468c070aa00f1d2f41770d7734ec699cd109a21349b0077cb87f6b60,323018,SUPERINTENDÊNCIA DO DNPM-AP,Unidade_gestora
085486212921dc5f46cd3b9e7341fdd2c0def5308c9d0c0e15867cd21bc2e738,510913,GERÊNCIA EXECUTIVA SANTA MARIA,Unidade_gestora
51bd4f056c2506823be2705829df80fce91138ccaea20df930f026eae907f50d,275068,CIA BRASILEIRA DE TRENS URBANOS-ADM.CENTRAL,Unidade_gestora
c36944f3dee87d20c2d97cbc2f0227baa5cbd8c0d6ea73e13b46b5697fde2ad2,400069,SUPERINTENDÊNCIA REGIONAL DO TRABALHO/MA,Unidade_gestora
619fb6eab51032b3a750298262ab5a208900fa66fd59e9d9bc8aa12aacf30fdf,158443,INST.FED.BAIANO/CAMPUS CATU,Unidade_gestora
58c7e0b18cc19bab901e4ce299e91a9a0153c9e0e2f57031597008dbc8ede5b5,160072,11. DEPOSITO DE SUPRIMENTO,Unidade_gestora
29c20c64ba3d2deb716c89ab5f7429fbd8249db2f39895094a0233a9e28a6ddd,110404,DEPARTAMENTO DE ADMINISTRACAO INTERNA-MD,Unidade_gestora
1bd949e56c55a5b0d1cd71ee8476a269457f7629532b8861dfc975bab515fcb1,113214,AGENCIA NACIONAL DE AVIACAO CIVIL,Unidade_gestora
5cad245ed778935833883e0d35bb383a2d3624d39137ad7bd63f3d120bf45a37,160126,11º BATALHãO DE INFANTARIA DE MONTANHA,Unidade_gestora
d5b3c2047a4526ab40070aa4c0007f35f93e3c0b9dbb9a92d755911eae6278ea,170055,SUPERINTENDêNCIA DE ADMINISTRAçãO DO MF/PE,Unidade_gestora
80b540bf2dd06046a2c284f90361c81baabf2f1fe78b681820078d30230e963b,113211,COMISSAO NACIONAL DE ENERGIA NUCLEAR-CRCN-NE,Unidade_gestora
ff700a79d38b393d9ba9de39c9758af864715adf503fb9273a4265b157d85822,323007,SUPERINTENDÊNCIA DO DNPM-PA,Unidade_gestora
7e98c225f8e7c385f3c6e20664db38bd7cfdbf1a7a9d48442e5010051c0977f8,170213,DELEGACIA DA RFB EM BOA VISTA,Unidade_gestora
313b50474be57b8355dbebfe8e3d7ec45ac870976d2205894935ad008bb0958d,380955,SUPERINTENDÊNCIA REGIONAL DO TRABALHO/PI,Unidade_gestora
94f9d66cf10b3d781f6fb46d775c32749560c03d9ecbda18d2fe35c5d2bbc041,193009,DNOCS - CEST/BA - SALVADOR - BA,Unidade_gestora
9b057a5358337c2f8d0cfd1d7512df738be9715159695be051416ad530e949a9,114622,UNIDADE ESTADUAL DO IBGE EM SAO PAULO,Unidade_gestora
368d8bf32e4475fe77005a436d8917e8651708d8d2f4e62401b247bfc8e012d6,254462,COORDENAÇÃO GERAL DE INFRAESTRUTURA DOS CAMPI,Unidade_gestora
bf715d340b604f118f5a8ec70850c3768e6b63677c2350f58809aeb36cd8acf4,114629,UNIDADE ESTADUAL DO IBGE NO DISTRITO FEDERAL,Unidade_gestora
17fb12d3cf64722380e37963838d124b6b7cb4dd997254e23baf51dc0fb4b576,110097,SUPERINTENDENCIA ADMINISTRACAO NO RIO G. SUL,Unidade_gestora
077b32958a0fb21422f7286369edefd2d3c5d52bd1325ad5276191f1772cce20,170025,SUPERINTENDêNCIA DE ADMINISTRAçãO DO MF/MA,Unidade_gestora
b6531ece08ade6cadc085ac642419ab09d51f2c6eeaa0873f3011fe52707b9d2,170137,DELEGACIA DA RFB EM PRESIDENTE PRUDENTE,Unidade_gestora
25da80202ccf25a05fdd6eddac91c7f60d27d6e191c04523d1889bd8274c9c59,160213,5 BATALHAO LOGISTICO,Unidade_gestora
6aad7e4f8a8284893823c04c7c6562ac6d68025dafe14c09d559194d98256fcf,323014,SUPERINTENDÊNCIA DO DNPM-MT,Unidade_gestora
e5bb1492a3aea3aeb9f1d9235fc802c5fd34a8834555f2185fef76bbb74fff80,193099,IBAMA - COORDENACAO-GERAL DE FINANCAS - CGFIN,Unidade_gestora
659d72c4308c85ab752c6b1a576ae9c566033798186d39acb0d14b61f8594d35,195004,CIA DE DES.DOS VALES DO S.FRANC.E DO PARNAIBA,Unidade_gestora
65f3e29f490b9b04dce73c30f716746ab1ffd2e1e1afdb019798489aa0e3d3a7,170138,DELEGACIA DA RFB EM RIBEIRAO PRETO,Unidade_gestora
50999fab3ac5e2a6bdf59661297d7176c85e0334f22d0c17d5c1e5bc727a41a8,200334,COORDENACAO DE ADMINISTRACAO-COAD/DLOG/DPF,Unidade_gestora
3c91b59a3c1aa673d8bd83fe36c73d5bd275c6aad10c3e95c636ff21df686f19,160514,COUDELARIA DE RINCAO,Unidade_gestora
c9475a80acb41874c4e087e04889097fc1eb15f9d69acbd9148e5905924408d7,440001,SUBSECRET.DE PLANEJ.ORC.E ADMINIST.±SPOA/MMA,Unidade_gestora
bc509ddd8bdd494306d319858c373f7db2087ae3791710c5e643deca0f85d2cf,193028,SUPERINTENDENCIA DA ZONA FRANCA DE MANAUS/AM,Unidade_gestora
0a5a25a19c158ba7f0d2ebcc389b3cfc24cdab05659d4e497201e41d93d4c90d,158336,INST.FED.DO TOCANTINS/CAMPUS PALMAS,Unidade_gestora
361bdac575ab9c7cfca22f9208b1c8fc95c505cd86d8e6ff823db2b5b4d2fed9,380943,SUPERINTENDÊNCIA REGIONAL DO TRABALHO/PA,Unidade_gestora
c725b9f6232fa24a940e9bc173691e9f7fb9c9b66223eb29ea26a0b05214aba1,173050,BANCO CENTRAL DO BRASIL - RECIFE,Unidade_gestora
651fa18b06eebd430a523a1017f3339fe7584ae9537de3c33cd7fea4c19257bd,240114,INSTITUTO NACIONAL DO SEMIARIDO,Unidade_gestora
72e6dc7b288ddedc609ffc300ca36c9506145587d97e64b59db129636ba3011a,170052,DELEGACIA DA RFB EM JOAO PESSOA,Unidade_gestora
7c7c707ef24dd406f035a9b804255c65a1bbc69568474f581a2a8c98ee241fc2,113201,COMISSAO NACIONAL DE ENERGIA NUCLEAR-SEDE,Unidade_gestora
3347edc574dbdf0ca5a4a18ce4a2e2f8d7814695545a3f5b68cc6d50e4864c51,530001,MI/SE/DGI/ADMINISTRACAO GERAL,Unidade_gestora
227afa4065db08aa6e45dbb8ce8807c04ac434fd7ef9d93fe447c21b62bf6dd7,153164,UNIVERSIDADE FEDERAL DE SANTA MARIA,Unidade_gestora
13c976d4929d4dc90589757b1aafba9bdbacb47e2f8ff26bd6ad2c0fb6114575,160064,COLEGIO  MILITAR DE BRASILIA,Unidade_gestora
6c9aa96dcfe6c3dc487cb065e940e6b3a0a840752c210305670001c502d5b524,158298,IF GOIANO - CAMPUS URUTAI,Unidade_gestora
0568abab9a9149657c3c4bde75d195947c6d079b317f47326966aa1c4303f87e,400073,SUPERINTENDÊNCIA REGIONAL DO TRABALHO/PA,Unidade_gestora
04bbdaf93ca033f041582e6b9a38b4536f4900c977bcd5f0da4ea963a861ab9e,153163,UNIVERSIDADE FEDERAL DE SANTA CATARINA,Unidade_gestora
868691c44d6de8ff978431855b604125bfa1e076ad3e986fb38364da2663db86,323022,SUPERINTENDÊNCIA DO DNPM-ES,Unidade_gestora
bb3337dec20e3180e4691b2cdf672014081860c857091271462112b381a81137,152663,IF CATARINENSE - CAMPUS LUZERNA,Unidade_gestora
ca2302b1623c7ee3b51d2faa50aa2aa88931711b06e4cc4d7a6de4014b552ff7,200352,SUPERINTENDENCIA REGIONAL NO ESTADO DO ES,Unidade_gestora
0b8c67f519c3ca738e6a8f9b4f8957fe2e13592e9c82edc0b32df1e6ef8b245e,158284,INST.FED.DO MARANHAO/CAMPUS BARRA DO CORDA,Unidade_gestora
1ab3e2d27f49abb7355f355196a946d87c9e627b6a9f902436b1ddc8e7ad3091,170187,ALFANDEGA DA RFB EM SANTANA DO LIVRAMENTO,Unidade_gestora
9d6019671fc23f0e79937e02662e9054dedbc2990da0720ba9720e620562ff78,255014,FUNDACAO NACIONAL DE SAUDE - PA,Unidade_gestora
44e92614313fdae6976e5f6438d407df5311bc872efb28417ac4edfceeb585ec,193001,DNOCS CEST/PI-TERESINA-PI,Unidade_gestora
af7600108f25d0919a32686f9ebc58cde02b508d194538dd1e2ceafc44df2978,120644,GRUPAMENTO DE APOIO DE CURITIBA,Unidade_gestora
f70c8f99b0903fadc746f220021b60190b6a08271c168d37f5f52966d3cee1d3,250057,INST. NACIONAL DE TRAUMATOLOGIA E ORTOPEDIA,Unidade_gestora
cceaa91acd989ef28bcc78c5e9518b196b441f2e775b9a1f1c83ef44d767cd0d,323005,SUPERINTENDÊNCIA DO DNPM-MG,Unidade_gestora
dbc46f1095cbb6c6397a8324e0afc456ab49d06792c95dbdbe6d6ff514d5c806,380936,SUPERINTENDÊNCIA REGIONAL DO TRABALHO/ES,Unidade_gestora
d109913259ddafc50ec8c97f8b35b4896863dfb67337dd1b21f850c7855f99d1,170388,DELEGACIA DA RFB EM DOURADOS,Unidade_gestora
f6a5a90c986eb9df9d15223fb2bcb6b67a3043a61e088afa3ef19354fc513eb0,323019,SUPERINTENDÊNCIA DO DNPM-TO,Unidade_gestora
884e96e5c82cc38e7ffcff6934023922411afc6fa735c4c2936cbd83f79d7c11,135019,EMBRAPA/CPAO,Unidade_gestora
812a3e430a9c4e4d9973ea64da65162ad3be7ce0e66fad254e18838d47ef0fed,240106,INSTIT.NAC.DE PESQ.ESPACIAIS-S.J.CAMPOS - MCT,Unidade_gestora
47d104bc553869877be03d2504d8225b87bc07e7cbe0778d0f5d585192257b76,153032,UNIVERSIDADE FEDERAL DE LAVRAS,Unidade_gestora
42a0363c7535b525ccdd21a5efbf5cbccd70d66d65c916267de815fed3bdaf52,243001,INSTITUTO NAC.DE TECNOLOGIA DA INFORMACAO ITI,Unidade_gestora
a09bc39d360690e1bed4cde7deada1c072c36a5727a93320999cf38c8cd8014b,200120,SUPERINTENDENCIA REG. POL. RODV. FEDERAL-MT,Unidade_gestora
624834b9975ae1d005cb97bb2f0f82656a93c896234a78ff4ccad45112a0fc86,193004,DNOCS - CEST/RN - NATAL-RN,Unidade_gestora
9e6c53ca8ae93763c6cba963cde0b064ca459ee0e207fc220df2c7463d8f0398,200406,DIRETORIA TECNICO-CIENTIFICA-DITEC/DPF,Unidade_gestora
f8b6da1d9433f3f4c5e1fe878256da9965168679b862dc0a185b55eac11dad9d,200372,SUPERINTENDENCIA REGIONAL NO ESTADO DO RS,Unidade_gestora
c0bfa33523e5c4842f535a4e2d5d8ea357f207053865d11b193ab6a8b4074a67,154048,FUNDAÇÃO UNIVERSIDADE FEDERAL DO PIAUI,Unidade_gestora
324505ad566180b829a468c7043c67cee27e9b7330f6915bdb630cba3bd4fcb5,255009,FUNDACAO NACIONAL DE SAUDE - GO,Unidade_gestora
f4933c60cf954b295b1c19e77b019e8ba374ad7c26850dcee8a81560ff2e9e6c,200112,SUPERINTENDENCIA REG. POL. RODV. FEDERAL-CE,Unidade_gestora
3f6200c54a3135d9f80b99fa5ecc9ae7831d2ce76ac01dcd2f6ce8c8ef90afa3,170195,SUPERINTENDêNCIA DE ADMINISTRAçãO DO MF/GO,Unidade_gestora
0023e55590997163d2debe27ff00f79fe8a2fc69defa9d104c9d265173a9f164,170042,DELEGACIA DA RFB EM JUAZEIRO DO NORTE,Unidade_gestora
585cac131b5eae5e07714524646ea9e1c9726ae2126eca8e99da86a407aa3aa3,254421,INSTITUTO AGGEU MAGALHAES,Unidade_gestora
edad0cea8f33e66ae59de6e21dafb0619069b135fa951618f0a5b7b24a370f58,153165,UNIVERSIDADE FEDERAL RURAL DE PERNAMBUCO,Unidade_gestora
413f82d8e640140a2916a7abc4d5e97966a218f79e578f3643a9928d77cc2e7a,380037,SUPERINT REG DO TRAB E EMPREGO/GO,Unidade_gestora
15a417855d816cb6997df70009a99595ff2ce6fd71f15e33a91af84bec2cf69d,170395,FCDF±SSP ± POLICIA CIVIL DO DF,Unidade_gestora
e32217b79b9044e91c51fc2418e47e2f5880a3c5c359366c05031b8280ce8773,170192,DELEGACIA DA RFB EM CUIABA,Unidade_gestora
78bc43b260020f78d4d007ffbb82de95924bb61018957bc4a16cdac32ecef27c,344001,FUNDAÇÃO CASA DE RUI BARBOSA,Unidade_gestora
f74a74285f3f0459d8c4051cb032073baacb506b55001a0903b40d1e401c40fd,135012,EMBRAPA/CPATSA,Unidade_gestora
842a20447bf84ee4ac5d89bfa4498e010f7a601ab48b1e72621a5a8cfa3c4c44,155015,EBSERH MEJC-UFRN,Unidade_gestora
4a868d5e1dc2978d625e43d19a7cd98496b5cadd2da7f314f65b9464b091394e,170010,SECRETARIA DA RECEITA FEDERAL DO BRASIL-RFB,Unidade_gestora
a587b8bb70195ffffd5cd75479bd24615eb75e4001e1a5acd46cb9d4609fbae0,158125,INSTITUTO FEDERAL CATARINENSE - REITORIA,Unidade_gestora
48385eb4fa5194878e4f604d945c6333cee2b0e3e9d7c5fdcf8d44345be700cb,158460,IF CATARINENSE - CAMPUS CAMBORIU,Unidade_gestora
ad4045df8f9c8df02b343a64ac10746d97f41bf513202ec7a4d4aa787efeb09c,380934,SUPERINTENDÊNCIA REGIONAL DO TRABALHO/CE,Unidade_gestora
328fe2fc8afb6c8bd09b3dd2e0537446089525f3d63ab27ab161dee3247cfe94,380949,SUPERINTENDÊNCIA REGIONAL DO TRABALHO/RS,Unidade_gestora
a5214f67cf13a2979d531ca64a7191fe91badcd85c7cb1a9b7d13fd2b1173157,130128,SUPERINT.REG.DE DESENV.DA LAV.CACAUEIRA/RO,Unidade_gestora
b7f12bd3d3a2ab41be0c7b72df087e49c94d19b0279c1b43a0ecf338dbca4d6c,343002,SUPERINTENDENCIA DO IPHAN NO PARA IPHAN-PA,Unidade_gestora
d1843a7cb96bdc6472b0208a54f1fd68d93fa53fbe8f6015091f9ca552e79f85,153103,UNIVERSIDADE FEDERAL DO RIO GRANDE DO NORTE,Unidade_gestora
b5932ac4823bdd41dedff974064c31ac38719fcd3156afd8ea737f2aca8837f7,550005,COORDENACAO GERAL DE LICITACOES E CONTRATOS.,Unidade_gestora
f17a6ad6eae42c79d2e94f4dac31bbd6a69a48eedb725204dce93293cf1a3b76,114604,UNIDADE ESTADUAL DO IBGE NO AMAZONAS,Unidade_gestora
7ee173fdd7604ee6570a6b8bf4277072cf73033a574f45a6c2eb1d22befcb679,373062,SUPERINTEND.ESTADUAL DO R.JANEIRO-INCRA/SR-07,Unidade_gestora
a5c7dde7e4fc5a10f9d2422c99c30fef1ada0f238c13252e0e452fde0ff879a9,323023,SUPERINTENDÊNCIA DO DNPM-PI,Unidade_gestora
2abde62a5472ee1feeaf31576a2bb520cff2f3ef59a69ce40ca392ba8571e792,135038,EMBRAPA/CENARGEN,Unidade_gestora
b31a36fe300016efd716fd266a0c08af54fd15f3abd6d81bd73b6d441d4ccde9,160045,25 CIRCUNSCRICAO DE SERVICO MILITAR,Unidade_gestora
c07cdc7dee33e723b9858d3e31948b8b921436a6fda915550372d259724a4fa3,114603,UNIDADE ESTADUAL DO IBGE NO ACRE,Unidade_gestora
e35eece24c9feebddf3bab76be9d442227408318cd5154d6db5219a2acf9415b,170135,DELEGACIA DA RFB EM BAURU,Unidade_gestora
e72e00d3a6fab18343d50129cbc37b5ad0623a8ca9252806243e446348612207,114602,UNIDADE ESTADUAL DO IBGE EM RONDONIA,Unidade_gestora
ec171a6115f879c7113d2591b3160644eaf9f3651774ed80a8c96597c3358317,135041,EMBRAPA/SPM,Unidade_gestora
2a4e74a85f2c36135bad6f6ca2ee32b474f34489cdbf322c9daea9f48b5bdc8b,130057,DISTRITO DE METEOROLOGIA DE B.HORIZONTE,Unidade_gestora
e6265cc819e260736e839b3dd9dbe605f846b77690f88434548041955610edc0,257049,DISTRITO SANIT.ESP.INDIGENA - PORTO VELHO,Unidade_gestora
747f3cae5353d25b463613472efae91b41b6eb2c24f4377d0a282993672c537b,373030,SUPERINTEND.ESTADUAL DO PARA-INCRA/SR-01,Unidade_gestora
f7cfaf55d8b8beeb6ffd73e3bf08b23ae8801420343a12b5762626eef51a5060,158413,INST FED SUDESTE DE MG/CAMPUS BARBACENA,Unidade_gestora
60889f206becb9207202f3481798cd4d6bb127ebd68ede7f31c2e8a3fbfd348c,112408,HOSPITAL DAS FORCAS ARMADAS,Unidade_gestora
bf1fcd534631493a9d24b955a25b50201af70ca5bd9d4e85031b23dd2de75315,250029,NUCLEO ESTADUAL DO MS/PE,Unidade_gestora
6b9c8bc8ee1da2cf37576b00637b261361c990b39d044c75fab8a6ae75008a94,200370,SUPERINTENDENCIA REGIONAL NO ESTADO DE SC,Unidade_gestora
2c5f5424a56793bb3b89d3f992f5cf144c0c39fe033fe0e7e9a6715d6c47afc0,393090,UNIDADE REGIONAL DO CEARÁ - ANTT,Unidade_gestora
0c740ee142c5c70043c9464b30f00af60939648c8738057940bd7f45701e9f77,200364,SUPERINTENDENCIA REGIONAL NO ESTADO DO PR,Unidade_gestora
40da5c645a99a8df77422037020c961a10cd7fe8d5e2e7fdbdbd85902aae3a7e,160494,21.DEPOSITO DE SUPRIMENTO,Unidade_gestora
a07c92c47c344305edfe6bf6d061582601ffc0935f753d1bdfd449ea8ef968cc,373040,SUPERINTEND.ESTADUAL DO MARANHAO-INCRA/SR-12,Unidade_gestora
3b3d69ef3278014cc017f3b6f8457a6d3d7629bf02f83d9bcd2d530556458067,160524,15 BATALHAO LOGISTICO,Unidade_gestora
5adbb265f504c175627b00ff5a7c17ef138f878529da300d5e8a2f593895f1ea,390015,REDE FERROVIARIA FEDERAL S.A- INVENTARIANCA,Unidade_gestora
e2b51ebaa6fd6330ab7e2ad25768db6268c4d5cf2ee284d2da4f5c3b2be415d5,170035,DELEGACIA DA RFB EM TERESINA,Unidade_gestora
30bc8fa07759d3a7d88886e5607141b97c56cd4c3c81d7df1e8fe5d00b38aa0e,533018,SUPERINT. DO DESENVOLVIMENTO DO CENTRO-OESTE,Unidade_gestora
687189877fc1c2c05c5576475a9654e28891055a8454d5b7c52128ee7fdf425c,200600,PENITENCIARIA FEDERAL DE CAMPO GRANDE - MS,Unidade_gestora
4accf1d0fa052c9073e0f3b34834116222664667ad40c3f517874479367de232,160296,COMANDO BRIGADA INFANTARIA PARAQUEDISTA,Unidade_gestora
b13b29a7f3b646344566641b8ed057095f529507987a358610964b6b15ca38aa,153036,UNIVERSIDADE FED.VALES JEQUITINHONHA E MUCURI,Unidade_gestora
00f7f5ae8950c3eef4318dc096bc552982d716ea5ccc8bd296194573f02f3c8d,135022,EMBRAPA/CPAMT,Unidade_gestora
daad50b2e597c267f3dd3f9c3e69107afcfa066fa2be4ebeb3539007ef6df602,110161,SUPERINTENDENCIA DE ADM. NO DISTRITO FEDERAL,Unidade_gestora
01c11e60fa0203a32e339c68ee8fb31846775dbb9904da456f589b366a80bacc,114631,UNIDADE ESTADUAL DO IBGE NO RIO DE JANEIRO,Unidade_gestora
3c507c33ce78baf3e60e0310bbc886a0a81cf5fbe3785b45670b6e82dd32d9e5,110511,CENTRO GESTOR OP. SISTEMA PROTECAO AMAZONIA,Unidade_gestora
28447311db982bfebb3c072454398cfb368751a4b226d8af2a48796631fb4299,380933,SUPERINTENDÊNCIA REGIONAL DO TRABALHO/BA,Unidade_gestora
1ca32a1347e2f9ebfc423fc26bc8a99eeb7ba140e401440be410bf47864ef125,533014,SUPERINTENDENCIA DO DESENVOLV. DO NORDESTE,Unidade_gestora
06709abcbae866600382fa348c5efc88841ace3b610e2602bd24749ec0c701ba,510917,GERÊNCIA EXECUTIVA IJUÍ,Unidade_gestora
9bfce49ae7d0e9f158d2acb28d6ad835d55e321e37fbceb7d8ea27658636f44a,110001,SECRETARIA DE ADMINISTRACAO/PR,Unidade_gestora
2a2903a4ea2675ccc2f99d92b13422bdc977c1b1625f3665bbdb5a8e079c04bc,114702,FUNDACAO ESCOLA NACIONAL DE ADM. PUBLICA,Unidade_gestora
8886538daa48a11150fe01d5af3a8510265e61cfb17ac2667426db45efa06f93,200398,SUPERINTENDÊNCIA REGIONAL NO ESTADO DE PE,Unidade_gestora
2ddcd6f0a00fb3358bf57f517254bbd2f6d626c9915fc4d61af30d7b7c3878bc,135046,EMBRAPA/SGE-EFI,Unidade_gestora
379a31577e6bdbfdb4967371a143503575ee87113bcbe3bbab5c0a38c7bf6f75,154069,FUNDACAO UNIVERSIDADE FEDERAL DE S.J.DEL-REI,Unidade_gestora
a52c8f71eeddfb530a3c7cd2b5c097802f6cf92bfacf2a9957f892d35f59a2cf,510181,SUPERINTENDÊNCIA REGIONAL SUL,Unidade_gestora
8e42de9d0e29d7249966094f1b9d3a740cbb382be4cdd819514cd2539a533a09,130016,LABORATORIO NACIONAL AGROPECUARIO/PE,Unidade_gestora
198b23794303a748a32fcf56a70975b1a36e1277fd01765a42887dcf2940e618,255024,FUNDACAO NACIONAL DE SAUDE - SC,Unidade_gestora
0eb4236bff44b89f8f67c9c3832eeb6a65aae7eb01737f985ef7a8e5036ea233,413001,AGENCIA NACIONAL DE TELECOMUNICACOES-SEDE,Unidade_gestora
bcd342867bbb4dda66554458a24d2e5584880f4f66630ce55785ce80c6d874ed,393038,UNIDADE REGIONAL DO RIO DE JANEIRO,Unidade_gestora
3eb4e0130b3c5f16567d01aa46b1d607c03b5b1f008cd08f34aee507819a08e6,200117,SUPERINTENDENCIA REG. POL. RODV. FEDERAL-SP,Unidade_gestora
037c334918bd0988cc39d71d413ef7358546081f72ef6a6a99e4e4b6458def7a,158377,INST.FED.DO NORTE DE MG/CAMPUS SALINAS,Unidade_gestora
01d2503cabff78718e2208fe9d1207cb8aeca3713415809991fdff3fab3ee417,120624,GRUPAMENTO DE APOIO DE ANÁPOLIS,Unidade_gestora
d94280a25c394dd0eeda86819a24c5681203eb9b73f663ca243a8edfad69965c,344041,FCP-FUNDACAO CULTURAL PALMARES,Unidade_gestora
384fa72414edf1ac5d44a1faf79805d510de2ee206525168d7aaf61545608a42,173052,BANCO CENTRAL DO BRASIL - SALVADOR,Unidade_gestora
c088ea2b2b37cd00cbcde20809bee81bc54bbfd83415fa5102a9f68fe6a7f9c5,170177,SUPERINTENDENCIA REGIONAL DA RFB NA 10A RF,Unidade_gestora
8b6392d1fe4715cffa78340ff8a3ba14a65b90fdcc855e600cd6f0602330ed66,250110,COORDENACAO-GERAL DE MATERIAL E PATRIMONIO,Unidade_gestora
1ec5f5195f5f09b51b5b8a58776525a7480608b32d88f7685e92a0daeddfce6e,154042,UNIVERSIDADE FEDERAL DO RIO GRANDE - FURG,Unidade_gestora
3df3b882dec987eab4927eb6c47e9bcdc40150cd5a7d984ff9946d54c608c321,160001,7ºBATALHãO DE ENGENHARIA DE CONSTRUçãO,Unidade_gestora
0403492f2b57355006c6b993865125e977f2ac5d302a0c324501f689d6921b0b,158144,INST.FED.DE EDUC.CIENC.E TEC.DO MATO GROSSO,Unidade_gestora
4ffb999a04f5f274fee87d5ae5502ec16670300f67f0ff70d76e0ee82893351a,130093,SUPERINT.FED.DE AGRIC.PEC.E ABASTECIMENTO/RR,Unidade_gestora
7d95b56114ba836535b755af88732b7d237d8a3ba23f19577eded1acb15e0241,170008,PROCURADORIA GERAL DA FAZENDA NACIONAL,Unidade_gestora
b0c545113ad17342dfb6baa96d505c347260222c161ca6666638fa96a425a8aa,135013,EMBRAPA/CPATC,Unidade_gestora
86b82bb31495a11e79aba6eb3b4265174cfeda78044dc1377a4dbcb2a6272082,160203,2 BATALHAO DE ENGENHARIA DE CONSTRUCAO,Unidade_gestora
b8e14086ab3e4742a5a19f4d64b01d57fc32be81fc42e97543dcb82033ae306b,167388,3 REGIMENTO DE CAVALARIA DE GUARDA,Unidade_gestora
